3688500001,29921,277,0,DHT22,44.808048,WA1017,0.719512,EE671,0.967923,MLH01,156.165024,NXP3320,0.043176,0,183
3688500002,29922,277,0,DHT22,51.216106,WA1017,0.72385,EE671,0.979065,MLH01,211.689331,NXP3320,0.010125,0,183
3688500003,29923,277,0,DHT22,43.916042,WA1017,0.894314,EE671,0.96525,MLH01,130.521759,NXP3320,0.034544,0,183
3688500004,29924,277,0,DHT22,46.821323,WA1017,0.72311,EE671,0.957698,MLH01,124.042007,NXP3320,0.012285,0,183
3688500005,29925,277,0,DHT22,75.286247,WA1017,0.714224,EE671,0.983375,MLH01,209.98114,NXP3320,0.034696,0,183
3688500006,29926,277,0,DHT22,44.225159,WA1017,0.728978,EE671,0.960842,MLH01,116.798401,NXP3320,0.011458,0,183
3688500007,29927,277,0,DHT22,45.968376,WA1017,0.914141,EE671,0.977416,MLH01,118.152199,NXP3320,0.012203,0,183
3688500008,29928,277,0,DHT22,67.437103,WA1017,0.905064,EE671,0.956024,MLH01,118.636284,NXP3320,0.036967,0,183
3688500009,29929,277,0,DHT22,64.597931,WA1017,0.917815,EE671,0.977105,MLH01,218.471283,NXP3320,0.038253,0,183
3688500010,29930,277,0,DHT22,59.435917,WA1017,0.894578,EE671,0.988403,MLH01,214.604599,NXP3320,0.039987,0,183
3688500011,29931,277,0,DHT22,43.892399,WA1017,0.914141,EE671,0.988877,MLH01,214.067688,NXP3320,0.009677,0,183
3688500012,29932,277,0,DHT22,73.272484,WA1017,0.709235,EE671,0.984915,MLH01,148.311935,NXP3320,0.011216,0,183
3688500013,29933,277,0,DHT22,42.576195,WA1017,0.68868,EE671,0.97963,MLH01,167.513474,NXP3320,0.010036,0,183
3688500014,29934,277,0,DHT22,46.190216,WA1017,0.72339,EE671,0.98081,MLH01,217.390076,NXP3320,0.009816,0,183
3688500015,29935,277,0,DHT22,45.142895,WA1017,0.724538,EE671,0.972244,MLH01,127.600304,NXP3320,0.010589,0,183
3688500016,29936,277,0,DHT22,44.741364,WA1017,0.710979,EE671,0.9764,MLH01,144.047821,NXP3320,0.009564,0,183
3688500017,29937,277,0,DHT22,49.130783,WA1017,0.708786,EE671,0.971025,MLH01,117.288834,NXP3320,0.035819,0,183
3688500018,29938,277,0,DHT22,56.577599,WA1017,0.899452,EE671,0.994984,MLH01,119.874252,NXP3320,0.040249,0,183
3688500019,29939,277,0,DHT22,64.704597,WA1017,0.703441,EE671,0.972337,MLH01,126.843483,NXP3320,0.010208,0,183
3688500020,29940,277,0,DHT22,46.443188,WA1017,0.878148,EE671,0.980887,MLH01,117.516953,NXP3320,0.00995,0,183
3688500021,29941,277,0,DHT22,43.454205,WA1017,0.725964,EE671,0.959658,MLH01,118.993576,NXP3320,0.031551,0,183
3688500022,29942,277,0,DHT22,45.934368,WA1017,0.899913,EE671,0.980485,MLH01,119.803841,NXP3320,0.032826,0,183
3688500023,29943,277,0,DHT22,48.019138,WA1017,0.893931,EE671,0.985707,MLH01,117.939613,NXP3320,0.009531,0,183
3688500024,29944,277,0,DHT22,58.326534,WA1017,0.70617,EE671,0.995247,MLH01,122.841003,NXP3320,0.011981,0,183
3688500025,29945,277,0,DHT22,68.237747,WA1017,0.901167,EE671,0.974761,MLH01,214.343964,NXP3320,0.009233,0,183
3688500026,29946,277,0,DHT22,74.06102,WA1017,0.711933,EE671,0.984004,MLH01,167.174133,NXP3320,0.009828,0,183
3688500027,29947,277,0,DHT22,44.067181,WA1017,0.909251,EE671,0.974642,MLH01,117.057571,NXP3320,0.010931,0,183
3688500028,29948,277,0,DHT22,44.18734,WA1017,0.89655,EE671,0.984512,MLH01,126.283501,NXP3320,0.007671,0,183
3688500029,29949,277,0,DHT22,43.825153,WA1017,0.901976,EE671,0.968093,MLH01,211.905655,NXP3320,0.008614,0,183
3688500030,29950,277,0,DHT22,72.094719,WA1017,0.896585,EE671,0.973777,MLH01,121.414276,NXP3320,0.041559,0,183
3688500031,29951,277,0,DHT22,71.222359,WA1017,0.891199,EE671,0.965422,MLH01,199.688126,NXP3320,0.009795,0,183
3688500032,29952,277,0,DHT22,42.762585,WA1017,0.696879,EE671,0.977818,MLH01,180.103256,NXP3320,0.043352,0,183
3688500033,29953,277,0,DHT22,48.278271,WA1017,0.913288,EE671,0.976419,MLH01,127.38121,NXP3320,0.009662,0,183
3688500034,29954,277,0,DHT22,42.361496,WA1017,0.718645,EE671,0.969206,MLH01,121.791878,NXP3320,0.043722,0,183
3688500035,29955,277,0,DHT22,54.728874,WA1017,0.714275,EE671,0.993228,MLH01,121.859093,NXP3320,0.035465,0,183
3688500036,29956,277,0,DHT22,72.811325,WA1017,0.907609,EE671,0.979219,MLH01,211.707535,NXP3320,0.039665,0,183
3688500037,29957,277,0,DHT22,71.588318,WA1017,0.914417,EE671,0.985775,MLH01,213.653198,NXP3320,0.03786,0,183
3688500038,29958,277,0,DHT22,44.929466,WA1017,0.911852,EE671,0.97059,MLH01,125.193481,NXP3320,0.038448,0,183
3688500039,29959,277,0,DHT22,46.392151,WA1017,0.899036,EE671,0.981907,MLH01,119.257332,NXP3320,0.011029,0,183
3688500040,29960,277,0,DHT22,54.333248,WA1017,0.698005,EE671,0.951946,MLH01,121.31472,NXP3320,0.011048,0,183
3688500041,29961,277,0,DHT22,67.851845,WA1017,0.708649,EE671,1.005681,MLH01,137.729523,NXP3320,0.03163,0,183
3688500042,29962,277,0,DHT22,71.547142,WA1017,0.892885,EE671,0.982574,MLH01,210.536819,NXP3320,0.01024,0,183
3688500043,29963,277,0,DHT22,43.168659,WA1017,0.884183,EE671,0.993038,MLH01,171.939682,NXP3320,0.043443,0,183
3688500044,29964,277,0,DHT22,66.012054,WA1017,0.900458,EE671,0.984225,MLH01,117.082275,NXP3320,0.031898,0,183
3688500045,29965,277,0,DHT22,45.954021,WA1017,0.84407,EE671,0.973738,MLH01,120.082352,NXP3320,0.009432,0,183
3688500046,29966,277,0,DHT22,46.71236,WA1017,0.709166,EE671,0.97274,MLH01,121.009201,NXP3320,0.009968,0,183
3688500047,29967,277,0,DHT22,42.182617,WA1017,0.704352,EE671,0.971599,MLH01,116.33342,NXP3320,0.009803,0,183
3688500048,29968,277,0,DHT22,47.164345,WA1017,0.711946,EE671,0.972449,MLH01,191.165894,NXP3320,0.043978,0,183
3688500049,29969,277,0,DHT22,44.247536,WA1017,0.694355,EE671,0.981575,MLH01,116.385506,NXP3320,0.035507,0,183
3688500050,29970,277,0,DHT22,45.183632,WA1017,0.712487,EE671,0.979707,MLH01,117.776939,NXP3320,0.034373,0,183
3688500051,29971,277,0,DHT22,45.106308,WA1017,0.694567,EE671,0.966639,MLH01,124.476135,NXP3320,0.011949,0,183
3688500052,29972,277,0,DHT22,43.802731,WA1017,0.88409,EE671,0.960664,MLH01,168.028824,NXP3320,0.009229,0,183
3688500053,29973,277,0,DHT22,44.659645,WA1017,0.909072,EE671,0.954818,MLH01,126.085541,NXP3320,0.008846,0,183
3688500054,29974,277,0,DHT22,44.699734,WA1017,0.910751,EE671,0.954377,MLH01,125.582954,NXP3320,0.011512,0,183
3688500055,29975,277,0,DHT22,42.908905,WA1017,0.707084,EE671,0.974762,MLH01,122.483437,NXP3320,0.043481,0,183
3688500056,29976,277,0,DHT22,76.579552,WA1017,0.907877,EE671,0.967325,MLH01,181.137802,NXP3320,0.041406,0,183
3688500057,29977,277,0,DHT22,69.0755,WA1017,0.890921,EE671,0.986581,MLH01,113.811897,NXP3320,0.010164,0,183
3688500058,29978,277,0,DHT22,49.504581,WA1017,0.893827,EE671,0.98627,MLH01,126.72644,NXP3320,0.031477,0,183
3688500059,29979,277,0,DHT22,73.289314,WA1017,0.906269,EE671,0.964758,MLH01,118.218025,NXP3320,0.009541,0,183
3688500060,29980,277,0,DHT22,76.206673,WA1017,0.712322,EE671,0.974475,MLH01,206.83136,NXP3320,0.033319,0,183
3688500061,29981,277,0,DHT22,46.566517,WA1017,0.899776,EE671,0.97702,MLH01,124.933044,NXP3320,0.034702,0,183
3688500062,29982,277,0,DHT22,44.8787,WA1017,0.724635,EE671,0.988248,MLH01,122.326813,NXP3320,0.011218,0,183
3688500063,29983,277,0,DHT22,44.06538,WA1017,0.890257,EE671,0.985895,MLH01,120.039047,NXP3320,0.01086,0,183
3688500064,29984,277,0,DHT22,44.91375,WA1017,0.899858,EE671,0.994457,MLH01,118.580795,NXP3320,0.010918,0,183
3688500065,29985,277,0,DHT22,57.058784,WA1017,0.699865,EE671,0.9682,MLH01,184.041977,NXP3320,0.007392,0,183
3688500066,29986,277,0,DHT22,44.099964,WA1017,0.718085,EE671,0.970358,MLH01,214.755157,NXP3320,0.032767,0,183
3688500067,29987,277,0,DHT22,68.734138,WA1017,0.702986,EE671,0.970041,MLH01,121.66507,NXP3320,0.043337,0,183
3688500068,29988,277,0,DHT22,45.171185,WA1017,0.719463,EE671,0.964528,MLH01,119.337219,NXP3320,0.011195,0,183
3688500069,29989,277,0,DHT22,74.682663,WA1017,0.903981,EE671,0.986274,MLH01,205.714874,NXP3320,0.044629,0,183
3688500070,29990,277,0,DHT22,63.338394,WA1017,0.897148,EE671,0.985588,MLH01,117.768791,NXP3320,0.036194,0,183
3688500071,29991,277,0,DHT22,45.840374,WA1017,0.710225,EE671,0.976067,MLH01,170.953674,NXP3320,0.009705,0,183
3688500072,29992,277,0,DHT22,45.595039,WA1017,0.731049,EE671,0.977939,MLH01,131.891632,NXP3320,0.009375,0,183
3688500073,29993,277,0,DHT22,43.8284,WA1017,0.913836,EE671,0.963662,MLH01,154.431274,NXP3320,0.009764,0,183
3688500074,29994,277,0,DHT22,44.710007,WA1017,0.719237,EE671,0.982429,MLH01,125.715668,NXP3320,0.00891,0,183
3688500075,29995,277,0,DHT22,57.260811,WA1017,0.892382,EE671,0.974839,MLH01,159.858322,NXP3320,0.009299,0,183
3688500076,29996,277,0,DHT22,45.887993,WA1017,0.708741,EE671,0.990217,MLH01,213.828232,NXP3320,0.012066,0,183
3688500077,29997,277,0,DHT22,45.108307,WA1017,0.888524,EE671,0.979798,MLH01,210.298004,NXP3320,0.038845,0,183
3688500078,29998,277,0,DHT22,44.123058,WA1017,0.901483,EE671,0.974743,MLH01,139.021027,NXP3320,0.010244,0,183
3688500079,29999,277,0,DHT22,45.580681,WA1017,0.904126,EE671,0.972769,MLH01,115.858215,NXP3320,0.009178,0,183
3688500080,10000,280,0,DHT22,47.579334,WA1017,0.714885,EE671,0.989843,MLH01,207.621429,NXP3320,0.029203,0,183
3688500081,10001,280,0,DHT22,45.021374,WA1017,0.926128,EE671,0.982826,MLH01,159.646667,NXP3320,0.008921,0,183
3688500082,10002,280,0,DHT22,46.974079,WA1017,0.905021,EE671,0.976017,MLH01,155.164551,NXP3320,0.009732,0,183
3688500083,10003,280,0,DHT22,45.623203,WA1017,0.903642,EE671,0.969847,MLH01,119.764519,NXP3320,0.010275,0,183
3688500084,10004,280,0,DHT22,43.272236,WA1017,0.902566,EE671,0.96505,MLH01,121.56868,NXP3320,0.011247,0,183
3688500085,10005,280,0,DHT22,77.983406,WA1017,0.899221,EE671,0.967416,MLH01,117.871674,NXP3320,0.01059,0,183
3688500086,10006,280,0,DHT22,43.416485,WA1017,0.695176,EE671,0.964725,MLH01,125.086945,NXP3320,0.035626,0,183
3688500087,10007,280,0,DHT22,46.344845,WA1017,0.893665,EE671,0.974155,MLH01,125.711685,NXP3320,0.009877,0,183
3688500088,10008,280,0,DHT22,45.364635,WA1017,0.909451,EE671,1.006549,MLH01,114.317383,NXP3320,0.036261,0,183
3688500089,10009,280,0,DHT22,45.979092,WA1017,0.905371,EE671,0.987713,MLH01,123.411011,NXP3320,0.010744,0,183
3688500090,10010,280,0,DHT22,70.474731,WA1017,0.90106,EE671,0.981479,MLH01,213.957458,NXP3320,0.043196,0,183
3688500091,10011,280,0,DHT22,44.240185,WA1017,0.897901,EE671,0.971958,MLH01,119.260452,NXP3320,0.008624,0,183
3688500092,10012,280,0,DHT22,43.592743,WA1017,0.89243,EE671,0.992635,MLH01,213.032715,NXP3320,0.039811,0,183
3688500093,10013,280,0,DHT22,44.863354,WA1017,0.891688,EE671,0.966998,MLH01,115.430527,NXP3320,0.009471,0,183
3688500094,10014,280,0,DHT22,45.89666,WA1017,0.901306,EE671,0.976077,MLH01,205.522903,NXP3320,0.034028,0,183
3688500095,10015,280,0,DHT22,45.169498,WA1017,0.718027,EE671,0.997571,MLH01,206.357086,NXP3320,0.034623,0,183
3688500096,10016,280,0,DHT22,46.316929,WA1017,0.72351,EE671,0.968178,MLH01,111.086227,NXP3320,0.035304,0,183
3688500097,10017,280,0,DHT22,43.808113,WA1017,0.715165,EE671,0.968811,MLH01,115.922966,NXP3320,0.010334,0,183
3688500098,10018,280,0,DHT22,61.201763,WA1017,0.916306,EE671,0.974256,MLH01,204.374863,NXP3320,0.033548,0,183
3688500099,10019,280,0,DHT22,44.478222,WA1017,0.857505,EE671,0.991594,MLH01,129.063126,NXP3320,0.011574,0,183
3688500100,10020,280,0,DHT22,69.862312,WA1017,0.881205,EE671,0.979706,MLH01,184.902557,NXP3320,0.008976,0,183
3688500101,10021,280,0,DHT22,46.971279,WA1017,0.700877,EE671,0.983962,MLH01,118.752014,NXP3320,0.043872,0,183
3688500102,10022,280,0,DHT22,44.200447,WA1017,0.904276,EE671,0.960309,MLH01,123.050926,NXP3320,0.031981,0,183
3688500103,10023,280,0,DHT22,51.963737,WA1017,0.706936,EE671,0.989112,MLH01,136.176498,NXP3320,0.031666,0,183
3688500104,10024,280,0,DHT22,45.784348,WA1017,0.904136,EE671,0.962294,MLH01,126.65461,NXP3320,0.009319,0,183
3688500105,10025,280,0,DHT22,76.456291,WA1017,0.896504,EE671,0.976467,MLH01,118.624313,NXP3320,0.009631,0,183
3688500106,10026,280,0,DHT22,52.377495,WA1017,0.713957,EE671,0.987847,MLH01,215.737213,NXP3320,0.039872,0,183
3688500107,10027,280,0,DHT22,66.960312,WA1017,0.881738,EE671,0.977945,MLH01,216.736847,NXP3320,0.008532,0,183
3688500108,10028,280,0,DHT22,54.276852,WA1017,0.903559,EE671,0.988639,MLH01,116.707855,NXP3320,0.036345,0,183
3688500109,10029,280,0,DHT22,77.185562,WA1017,0.890044,EE671,0.976113,MLH01,217.374344,NXP3320,0.038365,0,183
3688500110,10030,280,0,DHT22,44.782291,WA1017,0.909684,EE671,0.961212,MLH01,126.826454,NXP3320,0.01184,0,183
3688500111,10031,280,0,DHT22,46.034271,WA1017,0.889597,EE671,0.975929,MLH01,219.706955,NXP3320,0.04105,0,183
3688500112,10032,280,0,DHT22,76.113495,WA1017,0.89438,EE671,0.976864,MLH01,116.539383,NXP3320,0.009567,0,183
3688500113,10033,280,0,DHT22,45.780525,WA1017,0.892879,EE671,0.971283,MLH01,125.750816,NXP3320,0.009369,0,183
3688500114,10034,280,0,DHT22,45.121986,WA1017,0.895802,EE671,0.984256,MLH01,117.447456,NXP3320,0.009019,0,183
3688500115,10035,280,0,DHT22,44.542042,WA1017,0.891026,EE671,0.977226,MLH01,216.648117,NXP3320,0.046227,0,183
3688500116,10036,280,0,DHT22,62.763905,WA1017,0.893456,EE671,0.982987,MLH01,203.511429,NXP3320,0.010833,0,183
3688500117,10037,280,0,DHT22,44.542374,WA1017,0.715643,EE671,0.982896,MLH01,148.185974,NXP3320,0.032589,0,183
3688500118,10038,280,0,DHT22,45.427212,WA1017,0.91426,EE671,0.982936,MLH01,127.426605,NXP3320,0.033256,0,183
3688500119,10039,280,0,DHT22,47.335251,WA1017,0.917436,EE671,0.980958,MLH01,120.911659,NXP3320,0.032634,0,183
3688500120,10040,280,0,DHT22,46.117306,WA1017,0.903969,EE671,0.988628,MLH01,118.836136,NXP3320,0.009331,0,183
3688500121,10041,280,0,DHT22,47.577816,WA1017,0.909475,EE671,0.976939,MLH01,214.088699,NXP3320,0.039372,0,183
3688500122,10042,280,0,DHT22,46.07011,WA1017,0.712984,EE671,0.997837,MLH01,152.265625,NXP3320,0.009706,0,183
3688500123,10043,280,0,DHT22,59.732376,WA1017,0.900677,EE671,0.975954,MLH01,161.472641,NXP3320,0.009732,0,183
3688500124,10044,280,0,DHT22,45.05426,WA1017,0.909397,EE671,0.974346,MLH01,216.766068,NXP3320,0.040478,0,183
3688500125,10045,280,0,DHT22,68.743652,WA1017,0.910208,EE671,0.971996,MLH01,212.702179,NXP3320,0.031842,0,183
3688500126,10046,280,0,DHT22,51.910259,WA1017,0.906961,EE671,0.967333,MLH01,125.563301,NXP3320,0.009242,0,183
3688500127,10047,280,0,DHT22,43.093357,WA1017,0.898183,EE671,0.983505,MLH01,216.585953,NXP3320,0.044155,0,183
3688500128,10048,280,0,DHT22,76.684402,WA1017,0.896548,EE671,0.981076,MLH01,170.743393,NXP3320,0.01084,0,183
3688500129,10049,280,0,DHT22,52.204403,WA1017,0.699286,EE671,0.966923,MLH01,126.986053,NXP3320,0.010554,0,183
3688500130,10050,280,0,DHT22,70.205383,WA1017,0.903385,EE671,1.000209,MLH01,127.950356,NXP3320,0.036801,0,183
3688500131,10051,280,0,DHT22,44.800289,WA1017,0.894839,EE671,0.975352,MLH01,120.104797,NXP3320,0.010072,0,183
3688500132,10052,280,0,DHT22,44.969769,WA1017,0.894422,EE671,0.985298,MLH01,205.991165,NXP3320,0.036283,0,183
3688500133,10053,280,0,DHT22,45.159531,WA1017,0.70893,EE671,0.97349,MLH01,137.44278,NXP3320,0.031524,0,183
3688500134,10054,280,0,DHT22,73.018593,WA1017,0.89732,EE671,0.982787,MLH01,198.32132,NXP3320,0.009733,0,183
3688500135,10055,280,0,DHT22,44.084358,WA1017,0.910542,EE671,0.980949,MLH01,222.469437,NXP3320,0.044531,0,183
3688500136,10056,280,0,DHT22,67.107864,WA1017,0.688109,EE671,0.978037,MLH01,116.279617,NXP3320,0.011054,0,183
3688500137,10057,280,0,DHT22,45.752884,WA1017,0.889046,EE671,0.980524,MLH01,127.204613,NXP3320,0.035969,0,183
3688500138,10058,280,0,DHT22,72.271332,WA1017,0.708996,EE671,0.992512,MLH01,115.421173,NXP3320,0.010938,0,183
3688500139,10059,280,0,DHT22,61.379635,WA1017,0.903005,EE671,0.973977,MLH01,212.638641,NXP3320,0.039943,0,183
3688500140,10060,280,0,DHT22,43.869568,WA1017,0.850227,EE671,0.997508,MLH01,117.988838,NXP3320,0.010695,0,183
3688500141,10061,280,0,DHT22,43.855118,WA1017,0.901624,EE671,0.971807,MLH01,215.575256,NXP3320,0.045143,0,183
3688500142,10062,280,0,DHT22,48.149208,WA1017,0.89492,EE671,0.981071,MLH01,140.108704,NXP3320,0.010184,0,183
3688500143,10063,280,0,DHT22,54.586452,WA1017,0.702502,EE671,0.978014,MLH01,203.435852,NXP3320,0.035368,0,183
3688500144,10064,280,0,DHT22,45.551826,WA1017,0.89406,EE671,0.979343,MLH01,118.934998,NXP3320,0.010695,0,183
3688500145,10065,280,0,DHT22,44.868069,WA1017,0.897625,EE671,0.972973,MLH01,121.694336,NXP3320,0.010507,0,183
3688500146,10066,280,0,DHT22,47.248844,WA1017,0.885775,EE671,0.989753,MLH01,146.894272,NXP3320,0.010391,0,183
3688500147,10067,280,0,DHT22,45.557163,WA1017,0.707108,EE671,0.976876,MLH01,115.470932,NXP3320,0.009411,0,183
3688500148,10068,280,0,DHT22,67.897697,WA1017,0.900812,EE671,0.977311,MLH01,124.344894,NXP3320,0.028988,0,183
3688500149,10069,280,0,DHT22,47.47327,WA1017,0.908626,EE671,0.972727,MLH01,173.698624,NXP3320,0.04712,0,183
3688500150,10070,280,0,DHT22,45.420372,WA1017,0.868136,EE671,0.99361,MLH01,117.63765,NXP3320,0.010552,0,183
3688500151,10071,280,0,DHT22,47.025726,WA1017,0.883442,EE671,0.969503,MLH01,119.382812,NXP3320,0.00974,0,183
3688500152,10072,280,0,DHT22,47.338799,WA1017,0.917145,EE671,0.969874,MLH01,124.284286,NXP3320,0.007828,0,183
3688500153,10073,280,0,DHT22,45.132122,WA1017,0.888479,EE671,0.979811,MLH01,115.12149,NXP3320,0.01078,0,183
3688500154,10074,280,0,DHT22,51.070786,WA1017,0.898548,EE671,0.986661,MLH01,207.537048,NXP3320,0.009706,0,183
3688500155,10075,280,0,DHT22,46.734882,WA1017,0.9032,EE671,0.986475,MLH01,121.77578,NXP3320,0.010833,0,183
3688500156,10076,280,0,DHT22,44.98473,WA1017,0.905655,EE671,0.982258,MLH01,127.654449,NXP3320,0.011242,0,183
3688500157,10077,280,0,DHT22,67.97184,WA1017,0.923243,EE671,0.96277,MLH01,214.663925,NXP3320,0.040817,0,183
3688500158,10078,280,0,DHT22,46.472019,WA1017,0.884366,EE671,0.974031,MLH01,212.207916,NXP3320,0.009164,0,183
3688500159,10079,280,0,DHT22,48.063393,WA1017,0.88689,EE671,0.968336,MLH01,122.012466,NXP3320,0.009769,0,183
3688500160,10080,280,0,DHT22,49.368744,WA1017,0.861994,EE671,0.974532,MLH01,212.60141,NXP3320,0.010499,0,183
3688500161,10081,280,0,DHT22,47.897072,WA1017,0.721415,EE671,0.989376,MLH01,131.53244,NXP3320,0.010483,0,183
3688500162,10082,280,0,DHT22,76.715088,WA1017,0.899815,EE671,0.990413,MLH01,206.928513,NXP3320,0.040515,0,183
3688500163,10083,280,0,DHT22,43.408798,WA1017,0.895678,EE671,0.994907,MLH01,125.743034,NXP3320,0.032135,0,183
3688500164,10084,280,0,DHT22,44.854855,WA1017,0.898201,EE671,0.962865,MLH01,125.299095,NXP3320,0.010087,0,183
3688500165,10085,280,0,DHT22,52.276936,WA1017,0.720658,EE671,0.992886,MLH01,215.454178,NXP3320,0.010042,0,183
3688500166,10086,280,0,DHT22,69.556854,WA1017,0.894444,EE671,0.98463,MLH01,129.73967,NXP3320,0.036037,0,183
3688500167,10087,280,0,DHT22,43.996887,WA1017,0.893718,EE671,0.960894,MLH01,210.956482,NXP3320,0.009779,0,183
3688500168,10088,280,0,DHT22,45.625221,WA1017,0.898296,EE671,0.974497,MLH01,131.750275,NXP3320,0.04288,0,183
3688500169,10089,280,0,DHT22,43.752827,WA1017,0.717072,EE671,0.968761,MLH01,125.624146,NXP3320,0.009966,0,183
3688500170,10090,280,0,DHT22,44.607384,WA1017,0.918423,EE671,0.973049,MLH01,117.314468,NXP3320,0.011003,0,183
3688500171,10091,280,0,DHT22,50.18528,WA1017,0.71949,EE671,0.988027,MLH01,127.479576,NXP3320,0.010219,0,183
3688500172,10092,280,0,DHT22,51.623047,WA1017,0.907647,EE671,0.951281,MLH01,125.889076,NXP3320,0.010851,0,183
3688500173,10093,280,0,DHT22,43.154758,WA1017,0.896297,EE671,0.997164,MLH01,118.835663,NXP3320,0.009024,0,183
3688500174,10094,280,0,DHT22,46.040947,WA1017,0.893236,EE671,0.972048,MLH01,124.161011,NXP3320,0.011985,0,183
3688500175,10095,280,0,DHT22,45.025963,WA1017,0.782363,EE671,0.981733,MLH01,217.121826,NXP3320,0.011479,0,183
3688500176,10096,280,0,DHT22,45.342468,WA1017,0.898927,EE671,0.970012,MLH01,117.488739,NXP3320,0.009633,0,183
3688500177,10097,280,0,DHT22,47.118458,WA1017,0.906001,EE671,0.983384,MLH01,116.14666,NXP3320,0.010351,0,183
3688500178,10098,280,0,DHT22,47.372101,WA1017,0.723958,EE671,0.958724,MLH01,122.538223,NXP3320,0.040306,0,183
3688500179,10099,280,0,DHT22,76.686523,WA1017,0.900648,EE671,0.982281,MLH01,120.311462,NXP3320,0.034478,0,183
3688500180,10100,280,0,DHT22,44.663334,WA1017,0.903318,EE671,0.981448,MLH01,116.112816,NXP3320,0.041086,0,183
3688500181,10101,280,0,DHT22,66.927612,WA1017,0.706276,EE671,0.982555,MLH01,120.951614,NXP3320,0.036628,0,183
3688500182,10102,280,0,DHT22,52.087353,WA1017,0.703327,EE671,0.983466,MLH01,180.740936,NXP3320,0.010653,0,183
3688500183,10103,280,0,DHT22,55.929974,WA1017,0.902573,EE671,0.98064,MLH01,123.672272,NXP3320,0.033673,0,183
3688500184,10104,280,0,DHT22,45.223442,WA1017,0.890513,EE671,0.986855,MLH01,120.350174,NXP3320,0.010794,0,183
3688500185,10105,280,0,DHT22,50.76606,WA1017,0.913003,EE671,0.974827,MLH01,125.842171,NXP3320,0.036423,0,183
3688500186,10106,280,0,DHT22,64.227768,WA1017,0.897279,EE671,0.979258,MLH01,121.382072,NXP3320,0.008895,0,183
3688500187,10107,280,0,DHT22,47.755421,WA1017,0.895753,EE671,0.981145,MLH01,222.124863,NXP3320,0.04203,0,183
3688500188,10108,280,0,DHT22,45.434513,WA1017,0.893673,EE671,0.986066,MLH01,118.527039,NXP3320,0.031565,0,183
3688500189,10109,280,0,DHT22,45.224365,WA1017,0.78592,EE671,0.981292,MLH01,120.977783,NXP3320,0.030652,0,183
3688500190,10110,280,0,DHT22,45.559483,WA1017,0.888276,EE671,0.981435,MLH01,123.145523,NXP3320,0.010325,0,183
3688500191,10111,280,0,DHT22,44.70142,WA1017,0.708172,EE671,0.97772,MLH01,116.117981,NXP3320,0.007865,0,183
3688500192,10112,280,0,DHT22,43.614758,WA1017,0.714438,EE671,0.982992,MLH01,115.332962,NXP3320,0.010889,0,183
3688500193,10113,280,0,DHT22,46.771988,WA1017,0.889484,EE671,0.996055,MLH01,126.674942,NXP3320,0.010353,0,183
3688500194,10114,280,0,DHT22,52.50338,WA1017,0.908317,EE671,0.991873,MLH01,209.940308,NXP3320,0.011027,0,183
3688500195,10115,280,0,DHT22,44.508587,WA1017,0.908498,EE671,0.992859,MLH01,115.809608,NXP3320,0.010212,0,183
3688500196,10116,280,0,DHT22,46.377853,WA1017,0.895942,EE671,0.98232,MLH01,127.661453,NXP3320,0.01109,0,183
3688500197,10117,280,0,DHT22,46.147228,WA1017,0.912584,EE671,0.98065,MLH01,118.071922,NXP3320,0.010914,0,183
3688500198,10118,280,0,DHT22,44.631008,WA1017,0.875274,EE671,0.958136,MLH01,119.1875,NXP3320,0.010384,0,183
3688500199,10119,280,0,DHT22,51.425823,WA1017,0.733939,EE671,0.980537,MLH01,218.246155,NXP3320,0.00999,1,183
3688500200,10120,280,0,DHT22,44.718769,WA1017,0.894313,EE671,0.982282,MLH01,200.207764,NXP3320,0.032799,0,183
3688500201,10121,280,0,DHT22,44.425465,WA1017,0.723394,EE671,0.979782,MLH01,118.682144,NXP3320,0.037511,0,183
3688500202,10122,280,0,DHT22,72.00856,WA1017,0.90764,EE671,0.997329,MLH01,216.027954,NXP3320,0.042971,0,183
3688500203,10123,280,0,DHT22,44.651428,WA1017,0.917894,EE671,0.985768,MLH01,213.371994,NXP3320,0.042902,0,183
3688500204,10124,280,0,DHT22,57.932117,WA1017,0.910605,EE671,0.981996,MLH01,162.109818,NXP3320,0.039648,0,183
3688500205,10125,280,0,DHT22,43.062656,WA1017,0.90551,EE671,0.97558,MLH01,202.10083,NXP3320,0.032903,0,183
3688500206,10126,280,0,DHT22,45.496319,WA1017,0.700902,EE671,0.977261,MLH01,125.70945,NXP3320,0.033917,0,183
3688500207,10127,280,0,DHT22,50.264671,WA1017,0.913769,EE671,0.976595,MLH01,208.843948,NXP3320,0.038332,0,183
3688500208,10128,280,0,DHT22,63.890831,WA1017,0.708368,EE671,0.978365,MLH01,212.274475,NXP3320,0.033905,0,183
3688500209,10129,280,0,DHT22,72.823708,WA1017,0.900784,EE671,0.971989,MLH01,121.936806,NXP3320,0.035515,0,183
3688500210,10130,280,0,DHT22,43.553078,WA1017,0.851586,EE671,0.971072,MLH01,119.876465,NXP3320,0.010809,0,183
3688500211,10131,280,0,DHT22,47.480637,WA1017,0.706177,EE671,0.97033,MLH01,213.026199,NXP3320,0.010709,0,183
3688500212,10132,280,0,DHT22,64.52774,WA1017,0.905213,EE671,0.977325,MLH01,179.961365,NXP3320,0.038908,0,183
3688500213,10133,280,0,DHT22,44.442909,WA1017,0.904208,EE671,0.98074,MLH01,122.333244,NXP3320,0.0308,0,183
3688500214,10134,280,0,DHT22,43.055088,WA1017,0.799567,EE671,0.961451,MLH01,130.833115,NXP3320,0.010178,0,183
3688500215,10135,280,0,DHT22,45.26519,WA1017,0.891536,EE671,0.995949,MLH01,119.314102,NXP3320,0.01096,0,183
3688500216,10136,280,0,DHT22,48.968811,WA1017,0.705841,EE671,0.982274,MLH01,122.313362,NXP3320,0.009194,0,183
3688500217,10137,280,0,DHT22,43.375172,WA1017,0.896305,EE671,0.992998,MLH01,128.474396,NXP3320,0.009048,0,183
3688500218,10138,280,0,DHT22,62.282627,WA1017,0.688735,EE671,0.988248,MLH01,156.414093,NXP3320,0.009397,0,183
3688500219,10139,280,0,DHT22,44.432655,WA1017,0.717334,EE671,0.96989,MLH01,134.754761,NXP3320,0.038644,0,183
3688500220,10140,280,0,DHT22,44.896069,WA1017,0.892665,EE671,0.972333,MLH01,202.64122,NXP3320,0.040605,0,183
3688500221,10141,280,0,DHT22,50.167366,WA1017,0.904285,EE671,0.977577,MLH01,150.741577,NXP3320,0.009847,0,183
3688500222,10142,280,0,DHT22,45.549812,WA1017,0.734225,EE671,0.99539,MLH01,155.210907,NXP3320,0.009697,0,183
3688500223,10143,280,0,DHT22,45.023247,WA1017,0.893337,EE671,0.985848,MLH01,135.853638,NXP3320,0.033708,0,183
3688500224,10144,280,0,DHT22,51.867241,WA1017,0.713361,EE671,0.970721,MLH01,114.748482,NXP3320,0.037063,1,183
3688500225,10145,280,0,DHT22,46.255821,WA1017,0.716576,EE671,0.992347,MLH01,196.488892,NXP3320,0.008965,0,183
3688500226,10146,280,0,DHT22,44.503937,WA1017,0.700413,EE671,0.981681,MLH01,114.544815,NXP3320,0.035629,0,183
3688500227,10147,280,0,DHT22,44.872051,WA1017,0.900246,EE671,0.98597,MLH01,209.827972,NXP3320,0.042975,0,183
3688500228,10148,280,0,DHT22,44.094254,WA1017,0.899737,EE671,0.983738,MLH01,119.542076,NXP3320,0.009901,0,183
3688500229,10149,280,0,DHT22,45.108513,WA1017,0.90554,EE671,0.972503,MLH01,218.555542,NXP3320,0.038141,0,183
3688500230,10150,280,0,DHT22,45.162205,WA1017,0.900963,EE671,0.975893,MLH01,119.372169,NXP3320,0.008987,0,183
3688500231,10151,280,0,DHT22,44.274437,WA1017,0.705546,EE671,0.963732,MLH01,122.778709,NXP3320,0.009411,0,183
3688500232,10152,280,0,DHT22,70.090263,WA1017,0.897537,EE671,0.962597,MLH01,138.782333,NXP3320,0.042982,0,183
3688500233,10153,280,0,DHT22,44.555168,WA1017,0.910985,EE671,0.983264,MLH01,123.57122,NXP3320,0.00932,0,183
3688500234,10154,280,0,DHT22,44.680172,WA1017,0.717016,EE671,0.963971,MLH01,209.452454,NXP3320,0.010583,0,183
3688500235,10155,280,0,DHT22,47.414734,WA1017,0.694442,EE671,0.970993,MLH01,123.826942,NXP3320,0.01033,0,183
3688500236,10156,280,0,DHT22,58.592957,WA1017,0.907261,EE671,0.976439,MLH01,216.534424,NXP3320,0.037966,0,183
3688500237,10157,280,0,DHT22,49.048325,WA1017,0.699215,EE671,0.971634,MLH01,209.534958,NXP3320,0.03306,0,183
3688500238,10158,280,0,DHT22,45.000511,WA1017,0.894411,EE671,0.990518,MLH01,131.555771,NXP3320,0.039553,0,183
3688500239,10159,280,0,DHT22,45.28825,WA1017,0.856707,EE671,0.995576,MLH01,122.974159,NXP3320,0.010171,0,183
3688500240,10160,280,0,DHT22,45.817944,WA1017,0.908471,EE671,0.964398,MLH01,208.10051,NXP3320,0.00964,0,183
3688500241,10161,280,0,DHT22,69.919495,WA1017,0.697506,EE671,0.985669,MLH01,124.41111,NXP3320,0.009897,0,183
3688500242,10162,280,0,DHT22,54.278305,WA1017,0.905361,EE671,0.979913,MLH01,208.240982,NXP3320,0.03809,0,183
3688500243,10163,280,0,DHT22,44.762104,WA1017,0.90136,EE671,0.963411,MLH01,134.853577,NXP3320,0.011378,0,183
3688500244,10164,280,0,DHT22,45.711365,WA1017,0.901854,EE671,0.976594,MLH01,121.874771,NXP3320,0.010999,0,183
3688500245,10165,280,0,DHT22,45.627827,WA1017,0.90194,EE671,0.976442,MLH01,119.622803,NXP3320,0.010182,0,183
3688500246,10166,280,0,DHT22,45.725674,WA1017,0.854078,EE671,0.968005,MLH01,125.233833,NXP3320,0.045229,0,183
3688500247,10167,280,0,DHT22,52.80373,WA1017,0.724356,EE671,0.981182,MLH01,121.056641,NXP3320,0.032506,0,183
3688500248,10168,280,0,DHT22,45.186901,WA1017,0.895524,EE671,0.966892,MLH01,120.989227,NXP3320,0.041825,0,183
3688500249,10169,280,0,DHT22,77.198746,WA1017,0.887411,EE671,0.981051,MLH01,117.271286,NXP3320,0.0445,0,183
3688500250,10170,280,0,DHT22,63.224144,WA1017,0.70129,EE671,0.974845,MLH01,121.816902,NXP3320,0.034579,0,183
3688500251,10171,280,0,DHT22,71.77581,WA1017,0.897008,EE671,0.97365,MLH01,214.929153,NXP3320,0.041185,0,183
3688500252,10172,280,0,DHT22,44.198418,WA1017,0.887342,EE671,0.98143,MLH01,119.922752,NXP3320,0.010204,0,183
3688500253,10173,280,0,DHT22,44.832378,WA1017,0.898384,EE671,0.998305,MLH01,207.116104,NXP3320,0.010269,0,183
3688500254,10174,280,0,DHT22,43.754349,WA1017,0.887725,EE671,0.965892,MLH01,120.31057,NXP3320,0.035563,0,183
3688500255,10175,280,0,DHT22,44.660583,WA1017,0.893292,EE671,0.979479,MLH01,112.175018,NXP3320,0.011587,0,183
3688500256,10176,280,0,DHT22,49.760368,WA1017,0.891108,EE671,0.973472,MLH01,147.006714,NXP3320,0.011529,0,183
3688500257,10177,280,0,DHT22,75.634659,WA1017,0.896249,EE671,0.979448,MLH01,217.790863,NXP3320,0.042584,0,183
3688500258,10178,280,0,DHT22,69.083725,WA1017,0.898544,EE671,0.990674,MLH01,127.89801,NXP3320,0.010396,0,183
3688500259,10179,280,0,DHT22,78.209305,WA1017,0.907459,EE671,0.980685,MLH01,192.2565,NXP3320,0.010952,0,183
3688500260,10180,280,0,DHT22,45.745293,WA1017,0.905141,EE671,0.985725,MLH01,124.777893,NXP3320,0.03445,0,183
3688500261,10181,280,0,DHT22,71.343178,WA1017,0.694836,EE671,0.993583,MLH01,114.962524,NXP3320,0.010264,0,183
3688500262,10182,280,0,DHT22,46.12796,WA1017,0.87241,EE671,0.982352,MLH01,122.681007,NXP3320,0.01009,0,183
3688500263,10183,280,0,DHT22,66.121376,WA1017,0.719781,EE671,1.00453,MLH01,127.476326,NXP3320,0.009625,0,183
3688500264,10184,280,0,DHT22,58.56353,WA1017,0.908854,EE671,0.973539,MLH01,224.276962,NXP3320,0.037803,0,183
3688500265,10185,280,0,DHT22,44.364235,WA1017,0.893599,EE671,0.966891,MLH01,117.437912,NXP3320,0.011101,0,183
3688500266,10186,280,1,DHT22,77.709396,WA1017,0.714674,EE671,0.965985,MLH01,171.65892,NXP3320,0.035259,0,183
3688500267,10187,280,0,DHT22,42.838181,WA1017,0.90848,EE671,0.982592,MLH01,122.027061,NXP3320,0.009355,0,183
3688500268,10188,280,0,DHT22,43.621426,WA1017,0.907392,EE671,0.975636,MLH01,129.389099,NXP3320,0.010906,0,183
3688500269,10189,280,0,DHT22,44.846725,WA1017,0.89654,EE671,1.000117,MLH01,123.967674,NXP3320,0.011453,0,183
3688500270,10190,280,0,DHT22,46.011623,WA1017,0.828098,EE671,0.9846,MLH01,209.982849,NXP3320,0.009464,0,183
3688500271,10191,280,0,DHT22,44.418797,WA1017,0.908177,EE671,0.979853,MLH01,175.340897,NXP3320,0.009225,0,183
3688500272,10192,280,0,DHT22,44.688629,WA1017,0.895456,EE671,0.985807,MLH01,116.20845,NXP3320,0.009275,0,183
3688500273,10193,280,0,DHT22,45.644794,WA1017,0.889032,EE671,0.981391,MLH01,208.662155,NXP3320,0.00925,0,183
3688500274,10194,280,0,DHT22,44.48711,WA1017,0.909997,EE671,0.989102,MLH01,125.502304,NXP3320,0.010067,0,183
3688500275,10195,280,0,DHT22,44.455463,WA1017,0.908056,EE671,0.983048,MLH01,119.75309,NXP3320,0.045235,0,183
3688500276,10196,280,0,DHT22,45.622429,WA1017,0.910411,EE671,0.980499,MLH01,114.097801,NXP3320,0.033357,0,183
3688500277,10197,280,0,DHT22,52.488533,WA1017,0.8953,EE671,0.974216,MLH01,125.518433,NXP3320,0.009923,0,183
3688500278,10198,280,0,DHT22,46.649319,WA1017,0.894633,EE671,0.974645,MLH01,122.144272,NXP3320,0.032537,0,183
3688500279,10199,280,0,DHT22,45.070473,WA1017,0.891828,EE671,0.978028,MLH01,116.793228,NXP3320,0.00973,0,183
3688500280,10200,280,0,DHT22,44.774719,WA1017,0.717338,EE671,0.984915,MLH01,176.143707,NXP3320,0.011988,0,183
3688500281,10201,280,0,DHT22,76.366936,WA1017,0.90715,EE671,0.979179,MLH01,114.625046,NXP3320,0.033901,0,183
3688500282,10202,280,0,DHT22,43.959343,WA1017,0.694266,EE671,0.9884,MLH01,208.654526,NXP3320,0.031411,0,183
3688500283,10203,280,0,DHT22,50.214756,WA1017,0.900454,EE671,0.990117,MLH01,119.535507,NXP3320,0.044682,0,183
3688500284,10204,280,0,DHT22,44.772228,WA1017,0.893746,EE671,0.96857,MLH01,213.53299,NXP3320,0.009903,0,183
3688500285,10205,280,0,DHT22,66.037712,WA1017,0.894205,EE671,0.968875,MLH01,121.127037,NXP3320,0.045164,0,183
3688500286,10206,280,0,DHT22,46.252186,WA1017,0.720649,EE671,1.000489,MLH01,209.405533,NXP3320,0.044481,0,183
3688500287,10207,280,0,DHT22,64.140549,WA1017,0.898411,EE671,0.975632,MLH01,216.021271,NXP3320,0.037192,0,183
3688500288,10208,280,0,DHT22,48.173889,WA1017,0.910446,EE671,0.975519,MLH01,128.591782,NXP3320,0.009098,0,183
3688500289,10209,280,0,DHT22,73.432915,WA1017,0.688917,EE671,0.972203,MLH01,119.159225,NXP3320,0.01003,0,183
3688500290,10210,280,0,DHT22,49.292183,WA1017,0.898826,EE671,0.986285,MLH01,124.912956,NXP3320,0.011527,0,183
3688500291,10211,280,0,DHT22,65.288025,WA1017,0.900671,EE671,0.992194,MLH01,124.943756,NXP3320,0.008743,0,183
3688500292,10212,280,0,DHT22,76.932938,WA1017,0.705027,EE671,0.981121,MLH01,211.641815,NXP3320,0.010631,0,183
3688500293,10213,280,0,DHT22,45.501621,WA1017,0.897173,EE671,0.975669,MLH01,121.28199,NXP3320,0.009508,0,183
3688500294,10214,280,0,DHT22,57.319695,WA1017,0.894726,EE671,0.969455,MLH01,119.451782,NXP3320,0.009366,0,183
3688500295,10215,280,0,DHT22,56.536613,WA1017,0.905099,EE671,0.985814,MLH01,210.785355,NXP3320,0.007905,0,183
3688500296,10216,280,0,DHT22,44.530758,WA1017,0.749746,EE671,0.993142,MLH01,210.62326,NXP3320,0.009014,0,183
3688500297,10217,280,0,DHT22,45.774563,WA1017,0.706076,EE671,0.96178,MLH01,122.320541,NXP3320,0.030745,0,183
3688500298,10218,280,0,DHT22,44.557663,WA1017,0.902957,EE671,0.975853,MLH01,114.4356,NXP3320,0.01138,0,183
3688500299,10219,280,0,DHT22,76.635185,WA1017,0.906699,EE671,0.976759,MLH01,126.007271,NXP3320,0.033083,0,183
3688500300,10220,280,0,DHT22,46.986977,WA1017,0.854769,EE671,0.967158,MLH01,124.801666,NXP3320,0.034955,0,183
3688500301,10221,280,0,DHT22,43.778198,WA1017,0.701084,EE671,0.959453,MLH01,117.287514,NXP3320,0.033264,0,183
3688500302,10222,280,0,DHT22,45.556358,WA1017,0.906217,EE671,0.965291,MLH01,123.265587,NXP3320,0.01044,0,183
3688500303,10223,280,0,DHT22,44.093483,WA1017,0.842313,EE671,0.972856,MLH01,169.181808,NXP3320,0.039667,0,183
3688500304,10224,280,0,DHT22,69.653366,WA1017,0.71459,EE671,0.973552,MLH01,127.786743,NXP3320,0.008113,0,183
3688500305,10225,280,0,DHT22,44.711346,WA1017,0.724892,EE671,0.976477,MLH01,126.452782,NXP3320,0.033019,0,183
3688500306,10226,280,0,DHT22,68.863846,WA1017,0.919672,EE671,0.971502,MLH01,119.533798,NXP3320,0.009727,0,183
3688500307,10227,280,0,DHT22,43.989285,WA1017,0.894869,EE671,0.96575,MLH01,215.001923,NXP3320,0.036942,0,183
3688500308,10228,280,0,DHT22,73.233406,WA1017,0.916983,EE671,0.969234,MLH01,216.507446,NXP3320,0.009046,0,183
3688500309,10229,280,0,DHT22,65.278831,WA1017,0.890237,EE671,0.988363,MLH01,120.62928,NXP3320,0.041658,0,183
3688500310,10230,280,0,DHT22,50.383232,WA1017,0.888408,EE671,0.97244,MLH01,124.221367,NXP3320,0.011569,0,183
3688500311,10231,280,0,DHT22,46.487934,WA1017,0.901744,EE671,0.975832,MLH01,112.249519,NXP3320,0.008155,0,183
3688500312,10232,280,0,DHT22,46.199394,WA1017,0.90007,EE671,0.982902,MLH01,125.278366,NXP3320,0.011113,0,183
3688500313,10233,280,0,DHT22,70.016731,WA1017,0.714132,EE671,0.992558,MLH01,121.691628,NXP3320,0.030882,0,183
3688500314,10234,280,0,DHT22,64.828583,WA1017,0.88745,EE671,0.972542,MLH01,212.336777,NXP3320,0.044899,0,183
3688500315,10235,280,0,DHT22,45.163635,WA1017,0.705029,EE671,0.975728,MLH01,124.181107,NXP3320,0.008304,0,183
3688500316,10236,280,0,DHT22,53.200974,WA1017,0.710824,EE671,0.981774,MLH01,134.05806,NXP3320,0.0102,0,183
3688500317,10237,280,0,DHT22,47.142616,WA1017,0.893391,EE671,0.986788,MLH01,125.844398,NXP3320,0.008584,0,183
3688500318,10238,280,0,DHT22,50.173168,WA1017,0.911389,EE671,0.991479,MLH01,133.565796,NXP3320,0.010186,0,183
3688500319,10239,280,0,DHT22,45.033581,WA1017,0.910242,EE671,0.987755,MLH01,121.81916,NXP3320,0.039756,0,183
3688500320,10240,280,0,DHT22,44.075363,WA1017,0.897148,EE671,0.992754,MLH01,119.160446,NXP3320,0.010304,0,183
3688500321,10241,280,0,DHT22,46.510818,WA1017,0.913452,EE671,0.980417,MLH01,119.201797,NXP3320,0.032405,0,183
3688500322,10242,280,0,DHT22,45.14164,WA1017,0.834274,EE671,0.964004,MLH01,125.200462,NXP3320,0.007585,0,183
3688500323,10243,280,0,DHT22,52.81749,WA1017,0.70183,EE671,0.980956,MLH01,121.168587,NXP3320,0.032233,0,183
3688500324,10244,280,0,DHT22,52.523777,WA1017,0.909441,EE671,0.98431,MLH01,121.040497,NXP3320,0.009451,0,183
3688500325,10245,280,0,DHT22,44.825333,WA1017,0.825091,EE671,0.960316,MLH01,115.813133,NXP3320,0.037764,0,183
3688500326,10246,280,0,DHT22,46.770916,WA1017,0.707924,EE671,0.978196,MLH01,121.138435,NXP3320,0.040147,0,183
3688500327,10247,280,0,DHT22,43.937771,WA1017,0.912041,EE671,0.989093,MLH01,126.121689,NXP3320,0.009935,0,183
3688500328,10248,280,0,DHT22,76.29673,WA1017,0.713219,EE671,0.958168,MLH01,206.944397,NXP3320,0.010649,0,183
3688500329,10249,280,0,DHT22,42.382282,WA1017,0.907449,EE671,0.986296,MLH01,127.851204,NXP3320,0.008912,0,183
3688500330,10250,280,0,DHT22,60.760483,WA1017,0.886838,EE671,0.975323,MLH01,122.319633,NXP3320,0.031851,0,183
3688500331,10251,280,0,DHT22,46.277409,WA1017,0.701516,EE671,0.978182,MLH01,126.022972,NXP3320,0.010559,0,183
3688500332,10252,280,0,DHT22,47.979683,WA1017,0.907541,EE671,0.990715,MLH01,216.290695,NXP3320,0.039673,0,183
3688500333,10253,280,0,DHT22,46.402344,WA1017,0.890031,EE671,0.965062,MLH01,209.606293,NXP3320,0.042903,0,183
3688500334,10254,280,0,DHT22,46.274632,WA1017,0.913234,EE671,0.964911,MLH01,124.233826,NXP3320,0.010427,0,183
3688500335,10255,280,0,DHT22,44.154915,WA1017,0.71976,EE671,0.98716,MLH01,156.337173,NXP3320,0.037894,0,183
3688500336,10256,280,0,DHT22,42.974464,WA1017,0.895754,EE671,0.976791,MLH01,115.275429,NXP3320,0.009907,0,183
3688500337,10257,280,0,DHT22,46.71167,WA1017,0.911447,EE671,0.986546,MLH01,212.43483,NXP3320,0.01173,0,183
3688500338,10258,280,0,DHT22,44.429111,WA1017,0.726018,EE671,0.979813,MLH01,121.184593,NXP3320,0.010697,0,183
3688500339,10259,280,0,DHT22,46.455803,WA1017,0.910738,EE671,0.974838,MLH01,132.452728,NXP3320,0.009983,0,183
3688500340,10260,280,0,DHT22,71.832298,WA1017,0.909703,EE671,0.956681,MLH01,216.788284,NXP3320,0.009016,0,183
3688500341,10261,280,0,DHT22,69.400177,WA1017,0.889363,EE671,0.961808,MLH01,118.819138,NXP3320,0.042471,0,183
3688500342,10262,280,0,DHT22,44.513191,WA1017,0.908871,EE671,0.966949,MLH01,121.179314,NXP3320,0.010089,0,183
3688500343,10263,280,0,DHT22,76.868584,WA1017,0.868172,EE671,0.968628,MLH01,124.32019,NXP3320,0.033033,0,183
3688500344,10264,280,0,DHT22,45.377968,WA1017,0.907386,EE671,0.987035,MLH01,116.480377,NXP3320,0.009857,0,183
3688500345,10265,280,0,DHT22,48.897858,WA1017,0.917032,EE671,0.995194,MLH01,119.521774,NXP3320,0.032735,0,183
3688500346,10266,280,0,DHT22,44.144497,WA1017,0.857034,EE671,0.992932,MLH01,123.403008,NXP3320,0.011,0,183
3688500347,10267,280,0,DHT22,45.265453,WA1017,0.897869,EE671,0.980448,MLH01,118.664597,NXP3320,0.01071,0,183
3688500348,10268,280,0,DHT22,52.819683,WA1017,0.896738,EE671,0.963889,MLH01,151.349228,NXP3320,0.033067,0,183
3688500349,10269,280,0,DHT22,76.008553,WA1017,0.892771,EE671,0.976816,MLH01,212.850983,NXP3320,0.01089,0,183
3688500350,10270,280,0,DHT22,45.807674,WA1017,0.807813,EE671,0.985951,MLH01,137.394012,NXP3320,0.03094,0,183
3688500351,10271,280,0,DHT22,45.257469,WA1017,0.90289,EE671,0.987561,MLH01,121.367043,NXP3320,0.009354,0,183
3688500352,10272,280,0,DHT22,44.01915,WA1017,0.909136,EE671,0.979035,MLH01,203.936035,NXP3320,0.037008,0,183
3688500353,10273,280,0,DHT22,77.244087,WA1017,0.902423,EE671,0.968665,MLH01,121.099762,NXP3320,0.009103,0,183
3688500354,10274,280,0,DHT22,63.846874,WA1017,0.886009,EE671,0.98692,MLH01,214.32663,NXP3320,0.042766,0,183
3688500355,10275,280,0,DHT22,64.00753,WA1017,0.91241,EE671,0.984841,MLH01,215.155716,NXP3320,0.037648,0,183
3688500356,10276,280,0,DHT22,46.684021,WA1017,0.717424,EE671,0.990408,MLH01,122.43222,NXP3320,0.010265,0,183
3688500357,10277,280,0,DHT22,45.18652,WA1017,0.895606,EE671,0.993212,MLH01,129.360947,NXP3320,0.031293,0,183
3688500358,10278,280,0,DHT22,43.298809,WA1017,0.695129,EE671,0.970978,MLH01,204.799881,NXP3320,0.032415,0,183
3688500359,10279,280,0,DHT22,46.2617,WA1017,0.711115,EE671,0.984718,MLH01,170.253723,NXP3320,0.01044,0,183
3688500360,10280,280,0,DHT22,44.372135,WA1017,0.904646,EE671,0.964854,MLH01,113.357132,NXP3320,0.009739,0,183
3688500361,10281,280,0,DHT22,46.094238,WA1017,0.723428,EE671,0.989008,MLH01,209.323639,NXP3320,0.010678,0,183
3688500362,10282,280,0,DHT22,69.097267,WA1017,0.718099,EE671,0.981334,MLH01,117.932518,NXP3320,0.00918,0,183
3688500363,10283,280,0,DHT22,46.38401,WA1017,0.906175,EE671,0.972959,MLH01,121.299828,NXP3320,0.01014,0,183
3688500364,10284,280,0,DHT22,75.652718,WA1017,0.896534,EE671,0.987917,MLH01,197.549454,NXP3320,0.03795,0,183
3688500365,10285,280,0,DHT22,44.962944,WA1017,0.701797,EE671,0.987763,MLH01,120.345306,NXP3320,0.009237,0,183
3688500366,10286,280,0,DHT22,45.285618,WA1017,0.729897,EE671,1.008151,MLH01,191.706665,NXP3320,0.009413,0,183
3688500367,10287,280,0,DHT22,44.30735,WA1017,0.704576,EE671,0.992841,MLH01,125.616562,NXP3320,0.010137,0,183
3688500368,10288,280,0,DHT22,46.81958,WA1017,0.893244,EE671,0.976325,MLH01,125.197502,NXP3320,0.010333,0,183
3688500369,10289,280,0,DHT22,43.860592,WA1017,0.882392,EE671,0.99193,MLH01,137.300217,NXP3320,0.010334,0,183
3688500370,10290,280,0,DHT22,45.512486,WA1017,0.711119,EE671,0.977082,MLH01,214.297318,NXP3320,0.00972,0,183
3688500371,10291,280,0,DHT22,71.054871,WA1017,0.91365,EE671,0.98354,MLH01,133.271255,NXP3320,0.044428,0,183
3688500372,10292,280,0,DHT22,55.172409,WA1017,0.720025,EE671,0.986114,MLH01,118.379791,NXP3320,0.010579,0,183
3688500373,10293,280,0,DHT22,43.44595,WA1017,0.704335,EE671,0.968785,MLH01,213.979935,NXP3320,0.009204,0,183
3688500374,10294,280,0,DHT22,44.721085,WA1017,0.903559,EE671,0.964275,MLH01,122.525055,NXP3320,0.010598,0,183
3688500375,10295,280,0,DHT22,46.005047,WA1017,0.909395,EE671,0.991025,MLH01,123.405418,NXP3320,0.009772,0,183
3688500376,10296,280,0,DHT22,45.274086,WA1017,0.878118,EE671,0.96733,MLH01,206.316635,NXP3320,0.042857,0,183
3688500377,10297,280,0,DHT22,64.951134,WA1017,0.71138,EE671,0.984801,MLH01,122.683846,NXP3320,0.011195,0,183
3688500378,10298,280,0,DHT22,51.665329,WA1017,0.904624,EE671,0.98901,MLH01,211.176254,NXP3320,0.043094,0,183
3688500379,10299,280,0,DHT22,75.000328,WA1017,0.88161,EE671,0.946466,MLH01,215.724777,NXP3320,0.038819,0,183
3688500380,10300,280,0,DHT22,71.25724,WA1017,0.704879,EE671,0.984754,MLH01,191.314835,NXP3320,0.009007,1,183
3688500381,10301,280,0,DHT22,49.829613,WA1017,0.714007,EE671,0.959932,MLH01,119.472153,NXP3320,0.033361,0,183
3688500382,10302,280,0,DHT22,43.838451,WA1017,0.884401,EE671,0.978395,MLH01,125.54007,NXP3320,0.041143,0,183
3688500383,10303,280,0,DHT22,75.584389,WA1017,0.901837,EE671,0.973637,MLH01,213.193436,NXP3320,0.03892,0,183
3688500384,10304,280,0,DHT22,49.566593,WA1017,0.905265,EE671,0.975741,MLH01,212.520905,NXP3320,0.032528,0,183
3688500385,10305,280,0,DHT22,44.466797,WA1017,0.876862,EE671,0.999447,MLH01,120.879097,NXP3320,0.008527,0,183
3688500386,10306,280,0,DHT22,42.857071,WA1017,0.914791,EE671,0.956866,MLH01,208.126602,NXP3320,0.042094,0,183
3688500387,10307,280,0,DHT22,67.648201,WA1017,0.896697,EE671,0.963738,MLH01,123.631493,NXP3320,0.032747,0,183
3688500388,10308,280,0,DHT22,44.417839,WA1017,0.90747,EE671,0.987157,MLH01,120.109589,NXP3320,0.010588,0,183
3688500389,10309,280,0,DHT22,45.029736,WA1017,0.707713,EE671,0.961047,MLH01,123.690926,NXP3320,0.042442,0,183
3688500390,10310,280,0,DHT22,59.404804,WA1017,0.888268,EE671,0.96398,MLH01,121.836021,NXP3320,0.034809,0,183
3688500391,10311,280,0,DHT22,46.809837,WA1017,0.723306,EE671,0.98642,MLH01,213.157501,NXP3320,0.009164,0,183
3688500392,10312,280,0,DHT22,51.649109,WA1017,0.892922,EE671,0.989888,MLH01,129.492813,NXP3320,0.032504,0,183
3688500393,10313,280,0,DHT22,46.694099,WA1017,0.707506,EE671,0.964689,MLH01,119.59288,NXP3320,0.033094,0,183
3688500394,10314,280,0,DHT22,54.078583,WA1017,0.919926,EE671,0.978327,MLH01,205.17746,NXP3320,0.009634,0,183
3688500395,10315,280,0,DHT22,45.450336,WA1017,0.89518,EE671,1.000252,MLH01,117.488068,NXP3320,0.009197,0,183
3688500396,10316,280,0,DHT22,63.314102,WA1017,0.906382,EE671,0.956226,MLH01,208.401688,NXP3320,0.011228,0,183
3688500397,10317,280,0,DHT22,57.135288,WA1017,0.703328,EE671,0.984954,MLH01,118.707397,NXP3320,0.033521,1,183
3688500398,10318,280,0,DHT22,73.047318,WA1017,0.727623,EE671,0.971173,MLH01,117.700768,NXP3320,0.010086,0,183
3688500399,10319,280,0,DHT22,50.067265,WA1017,0.707835,EE671,0.986022,MLH01,117.335037,NXP3320,0.043905,0,183
3688500400,10320,280,0,DHT22,44.86272,WA1017,0.902034,EE671,0.964913,MLH01,121.788139,NXP3320,0.03616,0,183
3688500401,10321,280,0,DHT22,45.475597,WA1017,0.90209,EE671,0.968666,MLH01,131.11972,NXP3320,0.009915,0,183
3688500402,10322,280,0,DHT22,43.796936,WA1017,0.900827,EE671,0.97233,MLH01,122.221901,NXP3320,0.029692,0,183
3688500403,10323,280,0,DHT22,44.871277,WA1017,0.904501,EE671,0.981482,MLH01,120.500809,NXP3320,0.011062,0,183
3688500404,10324,280,0,DHT22,62.301296,WA1017,0.718708,EE671,0.985666,MLH01,207.899475,NXP3320,0.009511,0,183
3688500405,10325,280,0,DHT22,65.152161,WA1017,0.709702,EE671,0.980802,MLH01,151.031509,NXP3320,0.034792,1,183
3688500406,10326,280,0,DHT22,78.360664,WA1017,0.905541,EE671,0.968176,MLH01,217.082825,NXP3320,0.039151,0,183
3688500407,10327,280,0,DHT22,49.026165,WA1017,0.909469,EE671,0.994822,MLH01,213.069168,NXP3320,0.008937,0,183
3688500408,10328,280,0,DHT22,62.845715,WA1017,0.708839,EE671,0.964821,MLH01,121.177956,NXP3320,0.032182,0,183
3688500409,10329,280,0,DHT22,44.249172,WA1017,0.697942,EE671,0.977598,MLH01,122.935844,NXP3320,0.007807,0,183
3688500410,10330,280,0,DHT22,76.54483,WA1017,0.924592,EE671,0.989465,MLH01,218.38797,NXP3320,0.033552,0,183
3688500411,10331,280,0,DHT22,45.023483,WA1017,0.891051,EE671,0.977422,MLH01,115.290565,NXP3320,0.009225,0,183
3688500412,10332,280,0,DHT22,46.370068,WA1017,0.88857,EE671,0.976894,MLH01,124.966484,NXP3320,0.036504,0,183
3688500413,10333,280,0,DHT22,46.604469,WA1017,0.723616,EE671,0.961192,MLH01,148.217957,NXP3320,0.038298,1,183
3688500414,10334,280,0,DHT22,46.182259,WA1017,0.714192,EE671,0.962425,MLH01,116.280891,NXP3320,0.009069,0,183
3688500415,10335,280,0,DHT22,43.981071,WA1017,0.719779,EE671,0.987735,MLH01,134.30275,NXP3320,0.033116,0,183
3688500416,10336,280,0,DHT22,46.560753,WA1017,0.898035,EE671,0.97956,MLH01,124.024597,NXP3320,0.01078,0,183
3688500417,10337,280,0,DHT22,45.912678,WA1017,0.887329,EE671,0.982368,MLH01,124.738998,NXP3320,0.011127,0,183
3688500418,10338,280,0,DHT22,52.878819,WA1017,0.711163,EE671,0.983414,MLH01,122.157265,NXP3320,0.010113,0,183
3688500419,10339,280,0,DHT22,45.854622,WA1017,0.916136,EE671,0.998571,MLH01,132.060501,NXP3320,0.010179,0,183
3688500420,10340,280,0,DHT22,45.630997,WA1017,0.897265,EE671,0.991034,MLH01,119.053589,NXP3320,0.043903,0,183
3688500421,10341,280,0,DHT22,47.131824,WA1017,0.899063,EE671,0.966149,MLH01,152.744812,NXP3320,0.01022,0,183
3688500422,10342,280,0,DHT22,55.570786,WA1017,0.912707,EE671,0.95839,MLH01,188.551407,NXP3320,0.043612,0,183
3688500423,10343,280,0,DHT22,45.432411,WA1017,0.89593,EE671,1.000829,MLH01,120.868767,NXP3320,0.010338,0,183
3688500424,10344,280,0,DHT22,52.265987,WA1017,0.70768,EE671,0.98605,MLH01,121.533264,NXP3320,0.010918,0,183
3688500425,10345,280,0,DHT22,46.25935,WA1017,0.711995,EE671,0.97195,MLH01,210.744827,NXP3320,0.040497,0,183
3688500426,10346,280,0,DHT22,44.961487,WA1017,0.896343,EE671,0.994168,MLH01,121.961845,NXP3320,0.009787,0,183
3688500427,10347,280,0,DHT22,75.451553,WA1017,0.896608,EE671,0.96515,MLH01,200.32579,NXP3320,0.043878,0,183
3688500428,10348,280,0,DHT22,45.210602,WA1017,0.894085,EE671,0.991857,MLH01,126.685646,NXP3320,0.010631,0,183
3688500429,10349,280,0,DHT22,44.65477,WA1017,0.719465,EE671,0.990822,MLH01,123.351715,NXP3320,0.045128,0,183
3688500430,10350,280,0,DHT22,44.214031,WA1017,0.752689,EE671,0.994135,MLH01,121.869858,NXP3320,0.011325,0,183
3688500431,10351,280,0,DHT22,48.989609,WA1017,0.714602,EE671,0.983131,MLH01,119.035088,NXP3320,0.010678,0,183
3688500432,10352,280,0,DHT22,47.700539,WA1017,0.904661,EE671,0.971404,MLH01,113.388504,NXP3320,0.010513,0,183
3688500433,10353,280,0,DHT22,44.252403,WA1017,0.7886,EE671,0.964184,MLH01,123.544594,NXP3320,0.008711,0,183
3688500434,10354,280,0,DHT22,45.952293,WA1017,0.708427,EE671,0.973155,MLH01,120.871231,NXP3320,0.009811,0,183
3688500435,10355,280,0,DHT22,48.149044,WA1017,0.707002,EE671,0.979857,MLH01,210.076904,NXP3320,0.008256,0,183
3688500436,10356,280,0,DHT22,75.23526,WA1017,0.894412,EE671,0.965092,MLH01,126.271141,NXP3320,0.039065,0,183
3688500437,10357,280,0,DHT22,68.216286,WA1017,0.896371,EE671,0.968261,MLH01,217.413925,NXP3320,0.008945,0,183
3688500438,10358,280,0,DHT22,46.829918,WA1017,0.715405,EE671,0.976836,MLH01,120.29451,NXP3320,0.007974,0,183
3688500439,10359,280,0,DHT22,54.566387,WA1017,0.867759,EE671,0.981286,MLH01,178.925461,NXP3320,0.037513,0,183
3688500440,10360,280,0,DHT22,46.169762,WA1017,0.899527,EE671,0.98005,MLH01,117.802971,NXP3320,0.011336,0,183
3688500441,10361,280,0,DHT22,47.565479,WA1017,0.894098,EE671,0.974891,MLH01,117.743668,NXP3320,0.011881,0,183
3688500442,10362,280,0,DHT22,45.016945,WA1017,0.717605,EE671,0.983727,MLH01,122.273819,NXP3320,0.036118,0,183
3688500443,10363,280,0,DHT22,71.316208,WA1017,0.71964,EE671,0.979007,MLH01,126.602104,NXP3320,0.009754,0,183
3688500444,10364,280,0,DHT22,45.786205,WA1017,0.904114,EE671,0.978453,MLH01,196.763062,NXP3320,0.042909,0,183
3688500445,10365,280,0,DHT22,46.16711,WA1017,0.886503,EE671,0.974707,MLH01,210.403122,NXP3320,0.01094,0,183
3688500446,10366,280,0,DHT22,45.491699,WA1017,0.898367,EE671,1.00092,MLH01,144.442703,NXP3320,0.00959,0,183
3688500447,10367,280,0,DHT22,45.448505,WA1017,0.897228,EE671,0.974049,MLH01,115.611298,NXP3320,0.011939,0,183
3688500448,10368,280,0,DHT22,44.957802,WA1017,0.891424,EE671,0.956937,MLH01,121.186111,NXP3320,0.009649,0,183
3688500449,10369,280,0,DHT22,44.216908,WA1017,0.693598,EE671,0.984811,MLH01,131.107391,NXP3320,0.038139,0,183
3688500450,10370,280,0,DHT22,44.598488,WA1017,0.717821,EE671,0.988928,MLH01,120.279518,NXP3320,0.011673,0,183
3688500451,10371,280,0,DHT22,46.057194,WA1017,0.900283,EE671,0.980508,MLH01,119.509018,NXP3320,0.011166,0,183
3688500452,10372,280,0,DHT22,46.446293,WA1017,0.901254,EE671,0.973561,MLH01,121.587341,NXP3320,0.009663,0,183
3688500453,10373,280,0,DHT22,44.071575,WA1017,0.7146,EE671,0.984377,MLH01,119.3508,NXP3320,0.008901,0,183
3688500454,10374,280,0,DHT22,44.441906,WA1017,0.892373,EE671,0.970747,MLH01,115.068596,NXP3320,0.008409,0,183
3688500455,10375,280,0,DHT22,45.64246,WA1017,0.894851,EE671,0.978883,MLH01,143.097046,NXP3320,0.009421,0,183
3688500456,10376,280,0,DHT22,45.665749,WA1017,0.734178,EE671,0.964889,MLH01,210.521133,NXP3320,0.011134,0,183
3688500457,10377,280,0,DHT22,61.403725,WA1017,0.722951,EE671,0.967422,MLH01,192.926544,NXP3320,0.030537,0,183
3688500458,10378,280,0,DHT22,70.281548,WA1017,0.720334,EE671,0.98389,MLH01,122.231606,NXP3320,0.009185,0,183
3688500459,10379,280,0,DHT22,45.129318,WA1017,0.911977,EE671,0.964604,MLH01,217.741913,NXP3320,0.009524,0,183
3688500460,10380,280,0,DHT22,44.00045,WA1017,0.715308,EE671,0.971708,MLH01,123.45192,NXP3320,0.010522,0,183
3688500461,10381,280,0,DHT22,45.996937,WA1017,0.905116,EE671,0.985965,MLH01,205.95018,NXP3320,0.037143,0,183
3688500462,10382,280,0,DHT22,44.724087,WA1017,0.697375,EE671,0.963063,MLH01,212.491058,NXP3320,0.031212,0,183
3688500463,10383,280,0,DHT22,44.408962,WA1017,0.696895,EE671,0.99304,MLH01,212.488068,NXP3320,0.033547,0,183
3688500464,10384,280,0,DHT22,45.956005,WA1017,0.913902,EE671,0.958897,MLH01,125.573708,NXP3320,0.009455,0,183
3688500465,10385,280,0,DHT22,48.674503,WA1017,0.901259,EE671,0.986353,MLH01,120.862625,NXP3320,0.008796,0,183
3688500466,10386,280,0,DHT22,45.968327,WA1017,0.901262,EE671,0.985797,MLH01,118.60981,NXP3320,0.011516,0,183
3688500467,10387,280,0,DHT22,49.485779,WA1017,0.889802,EE671,0.955446,MLH01,211.277328,NXP3320,0.011242,0,183
3688500468,10388,280,0,DHT22,43.85006,WA1017,0.847318,EE671,0.985051,MLH01,214.645386,NXP3320,0.009996,0,183
3688500469,10389,280,0,DHT22,44.434219,WA1017,0.886349,EE671,0.96222,MLH01,117.436806,NXP3320,0.03284,0,183
3688500470,10390,280,0,DHT22,47.988503,WA1017,0.896896,EE671,0.974623,MLH01,141.545456,NXP3320,0.010145,0,183
3688500471,10391,280,0,DHT22,46.553234,WA1017,0.710173,EE671,0.948411,MLH01,183.728363,NXP3320,0.01089,1,183
3688500472,10392,280,0,DHT22,44.880669,WA1017,0.890201,EE671,0.992295,MLH01,203.979263,NXP3320,0.034351,0,183
3688500473,10393,280,0,DHT22,44.834198,WA1017,0.731838,EE671,0.99194,MLH01,119.230461,NXP3320,0.01096,0,183
3688500474,10394,280,0,DHT22,45.870548,WA1017,0.904249,EE671,0.984508,MLH01,126.359367,NXP3320,0.011003,0,183
3688500475,10395,280,0,DHT22,50.02549,WA1017,0.733423,EE671,0.965426,MLH01,118.39653,NXP3320,0.038213,0,183
3688500476,10396,280,0,DHT22,59.330128,WA1017,0.898098,EE671,0.9927,MLH01,204.727097,NXP3320,0.03201,0,183
3688500477,10397,280,0,DHT22,45.138676,WA1017,0.895114,EE671,0.986864,MLH01,125.909622,NXP3320,0.030765,0,183
3688500478,10398,280,0,DHT22,43.609882,WA1017,0.702882,EE671,0.97839,MLH01,127.889603,NXP3320,0.009973,0,183
3688500479,10399,280,0,DHT22,43.653759,WA1017,0.908331,EE671,0.971022,MLH01,112.254036,NXP3320,0.034874,0,183
3688500480,10400,280,0,DHT22,43.089249,WA1017,0.734264,EE671,0.979924,MLH01,116.298042,NXP3320,0.037332,0,183
3688500481,10401,280,0,DHT22,45.625481,WA1017,0.713294,EE671,0.982091,MLH01,123.484703,NXP3320,0.008635,0,183
3688500482,10402,280,0,DHT22,43.814648,WA1017,0.906735,EE671,0.996332,MLH01,210.378601,NXP3320,0.036078,0,183
3688500483,10403,280,0,DHT22,46.355564,WA1017,0.710306,EE671,0.984201,MLH01,122.058144,NXP3320,0.009891,0,183
3688500484,10404,280,0,DHT22,44.648968,WA1017,0.907144,EE671,0.974851,MLH01,128.816238,NXP3320,0.010472,0,183
3688500485,10405,280,0,DHT22,45.326897,WA1017,0.694403,EE671,0.996293,MLH01,119.131927,NXP3320,0.041355,0,183
3688500486,10406,280,0,DHT22,44.942776,WA1017,0.888295,EE671,0.985083,MLH01,219.688461,NXP3320,0.041213,0,183
3688500487,10407,280,0,DHT22,44.549404,WA1017,0.712204,EE671,0.981775,MLH01,119.625114,NXP3320,0.008262,0,183
3688500488,10408,280,0,DHT22,73.912079,WA1017,0.72961,EE671,0.971776,MLH01,189.55983,NXP3320,0.009617,0,183
3688500489,10409,280,0,DHT22,45.054859,WA1017,0.893213,EE671,0.97611,MLH01,123.781471,NXP3320,0.008085,0,183
3688500490,10410,280,0,DHT22,45.172638,WA1017,0.896125,EE671,0.985107,MLH01,208.522812,NXP3320,0.040018,0,183
3688500491,10411,280,0,DHT22,45.710941,WA1017,0.891172,EE671,0.97461,MLH01,180.185287,NXP3320,0.046374,0,183
3688500492,10412,280,0,DHT22,49.378719,WA1017,0.716293,EE671,0.977737,MLH01,114.458946,NXP3320,0.045361,0,183
3688500493,10413,280,0,DHT22,79.450981,WA1017,0.725264,EE671,0.96065,MLH01,122.673035,NXP3320,0.010644,0,183
3688500494,10414,280,0,DHT22,44.978363,WA1017,0.902787,EE671,0.990527,MLH01,121.170349,NXP3320,0.010052,0,183
3688500495,10415,280,0,DHT22,45.262245,WA1017,0.903447,EE671,0.981961,MLH01,128.212067,NXP3320,0.011499,0,183
3688500496,10416,280,0,DHT22,44.555984,WA1017,0.89566,EE671,0.974367,MLH01,121.798088,NXP3320,0.009281,0,183
3688500497,10417,280,0,DHT22,43.764816,WA1017,0.698601,EE671,0.983321,MLH01,122.884659,NXP3320,0.00901,0,183
3688500498,10418,280,0,DHT22,44.495407,WA1017,0.70698,EE671,0.982085,MLH01,123.449402,NXP3320,0.008654,0,183
3688500499,10419,280,0,DHT22,75.730423,WA1017,0.714436,EE671,0.978007,MLH01,117.088425,NXP3320,0.009808,0,183
3688500500,10420,280,0,DHT22,44.93679,WA1017,0.893301,EE671,0.981029,MLH01,129.615387,NXP3320,0.00898,0,183
3688500501,10421,280,0,DHT22,76.940079,WA1017,0.898197,EE671,0.982438,MLH01,214.271393,NXP3320,0.010233,0,183
3688500502,10422,280,0,DHT22,45.248894,WA1017,0.895363,EE671,0.978555,MLH01,213.354294,NXP3320,0.037883,0,183
3688500503,10423,280,0,DHT22,77.33252,WA1017,0.726651,EE671,0.987921,MLH01,118.316132,NXP3320,0.009803,0,183
3688500504,10424,280,0,DHT22,44.288967,WA1017,0.90101,EE671,0.978487,MLH01,130.280609,NXP3320,0.009481,0,183
3688500505,10425,280,0,DHT22,44.026562,WA1017,0.898535,EE671,0.974973,MLH01,132.401108,NXP3320,0.009181,0,183
3688500506,10426,280,0,DHT22,58.66996,WA1017,0.9047,EE671,0.978228,MLH01,180.06572,NXP3320,0.043865,0,183
3688500507,10427,280,0,DHT22,45.110039,WA1017,0.885805,EE671,0.968654,MLH01,215.493179,NXP3320,0.010828,0,183
3688500508,10428,280,0,DHT22,46.657085,WA1017,0.913315,EE671,0.970609,MLH01,219.712646,NXP3320,0.010074,0,183
3688500509,10429,280,0,DHT22,46.584488,WA1017,0.908054,EE671,0.973314,MLH01,114.727936,NXP3320,0.012279,0,183
3688500510,10430,280,0,DHT22,45.22905,WA1017,0.899378,EE671,0.976769,MLH01,176.288467,NXP3320,0.009681,0,183
3688500511,10431,280,0,DHT22,45.46727,WA1017,0.72419,EE671,0.978523,MLH01,119.489502,NXP3320,0.042472,0,183
3688500512,10432,280,0,DHT22,44.110912,WA1017,0.912494,EE671,0.979785,MLH01,109.856056,NXP3320,0.032028,0,183
3688500513,10433,280,0,DHT22,43.890415,WA1017,0.899221,EE671,0.976705,MLH01,121.065086,NXP3320,0.012188,0,183
3688500514,10434,280,0,DHT22,45.053535,WA1017,0.711146,EE671,0.982817,MLH01,129.241211,NXP3320,0.031756,0,183
3688500515,10435,280,0,DHT22,45.312187,WA1017,0.707362,EE671,0.985922,MLH01,119.997261,NXP3320,0.030033,0,183
3688500516,10436,280,0,DHT22,67.766167,WA1017,0.91385,EE671,0.968152,MLH01,122.826241,NXP3320,0.010102,0,183
3688500517,10437,280,0,DHT22,45.116631,WA1017,0.869546,EE671,0.98369,MLH01,112.205467,NXP3320,0.009016,0,183
3688500518,10438,280,0,DHT22,45.051792,WA1017,0.819639,EE671,0.965317,MLH01,120.389824,NXP3320,0.009232,0,183
3688500519,10439,280,0,DHT22,44.711586,WA1017,0.71769,EE671,0.961201,MLH01,117.857567,NXP3320,0.03591,0,183
3688500520,10440,280,0,DHT22,49.206512,WA1017,0.701169,EE671,0.968542,MLH01,121.479347,NXP3320,0.01017,0,183
3688500521,10441,280,0,DHT22,72.656601,WA1017,0.691461,EE671,0.968586,MLH01,116.993652,NXP3320,0.035283,0,183
3688500522,10442,280,0,DHT22,51.097034,WA1017,0.697557,EE671,0.976716,MLH01,140.594513,NXP3320,0.03511,0,183
3688500523,10443,280,0,DHT22,44.528316,WA1017,0.716778,EE671,0.980376,MLH01,124.281227,NXP3320,0.031733,0,183
3688500524,10444,280,0,DHT22,47.174084,WA1017,0.896384,EE671,0.9867,MLH01,118.735344,NXP3320,0.010592,0,183
3688500525,10445,280,0,DHT22,46.556053,WA1017,0.715513,EE671,0.979356,MLH01,122.148247,NXP3320,0.042949,0,183
3688500526,10446,280,0,DHT22,69.56675,WA1017,0.898116,EE671,0.981704,MLH01,205.145706,NXP3320,0.035846,0,183
3688500527,10447,280,0,DHT22,76.074387,WA1017,0.898103,EE671,0.978733,MLH01,116.195366,NXP3320,0.010533,0,183
3688500528,10448,280,0,DHT22,46.742416,WA1017,0.702569,EE671,0.982762,MLH01,140.846924,NXP3320,0.010069,0,183
3688500529,10449,280,0,DHT22,56.721252,WA1017,0.892841,EE671,0.972332,MLH01,156.394775,NXP3320,0.040506,0,183
3688500530,10450,280,0,DHT22,53.61985,WA1017,0.904539,EE671,0.99204,MLH01,121.981972,NXP3320,0.043927,0,183
3688500531,10451,280,0,DHT22,45.186375,WA1017,0.903238,EE671,0.983869,MLH01,118.763664,NXP3320,0.010168,0,183
3688500532,10452,280,0,DHT22,47.39724,WA1017,0.87037,EE671,0.985393,MLH01,218.452545,NXP3320,0.031424,0,183
3688500533,10453,280,0,DHT22,45.870079,WA1017,0.704889,EE671,0.988944,MLH01,131.463165,NXP3320,0.034355,0,183
3688500534,10454,280,0,DHT22,48.582054,WA1017,0.906424,EE671,0.976492,MLH01,133.222549,NXP3320,0.01069,0,183
3688500535,10455,280,0,DHT22,69.152641,WA1017,0.895432,EE671,0.991188,MLH01,202.438446,NXP3320,0.045767,0,183
3688500536,10456,280,0,DHT22,46.195122,WA1017,0.869623,EE671,0.954563,MLH01,115.0868,NXP3320,0.010796,0,183
3688500537,10457,280,0,DHT22,46.197285,WA1017,0.91008,EE671,0.984313,MLH01,143.664398,NXP3320,0.03288,0,183
3688500538,10458,280,0,DHT22,46.061054,WA1017,0.892563,EE671,0.983321,MLH01,119.673416,NXP3320,0.011116,0,183
3688500539,10459,280,0,DHT22,44.497463,WA1017,0.916102,EE671,0.977002,MLH01,123.720985,NXP3320,0.009247,0,183
3688500540,10460,280,0,DHT22,63.656635,WA1017,0.896362,EE671,0.97093,MLH01,116.940346,NXP3320,0.032531,0,183
3688500541,10461,280,0,DHT22,44.603233,WA1017,0.901527,EE671,0.964577,MLH01,205.891464,NXP3320,0.011911,0,183
3688500542,10462,280,0,DHT22,46.202492,WA1017,0.898264,EE671,0.990527,MLH01,213.65593,NXP3320,0.039742,0,183
3688500543,10463,280,0,DHT22,58.861862,WA1017,0.916917,EE671,0.996378,MLH01,118.623337,NXP3320,0.009579,0,183
3688500544,10464,280,0,DHT22,46.206314,WA1017,0.899657,EE671,0.985395,MLH01,120.732407,NXP3320,0.007756,0,183
3688500545,10465,280,0,DHT22,46.317295,WA1017,0.892907,EE671,0.973457,MLH01,121.9039,NXP3320,0.009236,0,183
3688500546,10466,280,0,DHT22,74.530334,WA1017,0.714492,EE671,0.99547,MLH01,123.36689,NXP3320,0.032837,0,183
3688500547,10467,280,0,DHT22,63.071194,WA1017,0.906038,EE671,0.971507,MLH01,125.185982,NXP3320,0.035502,0,183
3688500548,10468,280,0,DHT22,59.494877,WA1017,0.898906,EE671,0.9883,MLH01,143.947708,NXP3320,0.009099,0,183
3688500549,10469,280,0,DHT22,53.239967,WA1017,0.713828,EE671,0.967771,MLH01,126.945885,NXP3320,0.030562,0,183
3688500550,10470,280,0,DHT22,45.065075,WA1017,0.894945,EE671,0.987293,MLH01,122.763252,NXP3320,0.044439,0,183
3688500551,10471,280,0,DHT22,45.846176,WA1017,0.717363,EE671,0.978862,MLH01,121.261848,NXP3320,0.037917,0,183
3688500552,10472,280,0,DHT22,46.932491,WA1017,0.736684,EE671,0.982953,MLH01,120.93325,NXP3320,0.011019,0,183
3688500553,10473,280,0,DHT22,45.553116,WA1017,0.895091,EE671,0.98546,MLH01,135.556305,NXP3320,0.04214,0,183
3688500554,10474,280,0,DHT22,43.781868,WA1017,0.720102,EE671,0.97718,MLH01,139.459061,NXP3320,0.009233,0,183
3688500555,10475,280,0,DHT22,74.661072,WA1017,0.707053,EE671,0.972335,MLH01,126.899254,NXP3320,0.010582,0,183
3688500556,10476,280,0,DHT22,72.813812,WA1017,0.893925,EE671,0.986713,MLH01,116.851501,NXP3320,0.035753,0,183
3688500557,10477,280,0,DHT22,52.456116,WA1017,0.707546,EE671,0.989641,MLH01,117.299667,NXP3320,0.042017,0,183
3688500558,10478,280,0,DHT22,45.829441,WA1017,0.887602,EE671,0.973524,MLH01,119.105988,NXP3320,0.010002,0,183
3688500559,10479,280,0,DHT22,44.796719,WA1017,0.716191,EE671,0.971381,MLH01,127.854431,NXP3320,0.009851,0,183
3688500560,10480,280,0,DHT22,45.52599,WA1017,0.888983,EE671,0.989203,MLH01,200.170731,NXP3320,0.030953,0,183
3688500561,10481,280,0,DHT22,53.095943,WA1017,0.916324,EE671,0.962319,MLH01,126.066475,NXP3320,0.010272,0,183
3688500562,10482,280,0,DHT22,75.582581,WA1017,0.725138,EE671,0.975667,MLH01,119.231712,NXP3320,0.009568,0,183
3688500563,10483,280,0,DHT22,72.453903,WA1017,0.907789,EE671,0.97411,MLH01,213.471375,NXP3320,0.009974,0,183
3688500564,10484,280,0,DHT22,48.262962,WA1017,0.904705,EE671,0.980693,MLH01,213.516998,NXP3320,0.010516,0,183
3688500565,10485,280,0,DHT22,51.725792,WA1017,0.900694,EE671,0.975864,MLH01,198.974182,NXP3320,0.008947,0,183
3688500566,10486,280,0,DHT22,73.741302,WA1017,0.70886,EE671,0.964365,MLH01,121.948235,NXP3320,0.038149,0,183
3688500567,10487,280,0,DHT22,43.508774,WA1017,0.915121,EE671,0.988742,MLH01,209.54686,NXP3320,0.039609,0,183
3688500568,10488,280,0,DHT22,43.77425,WA1017,0.716989,EE671,0.969812,MLH01,209.134735,NXP3320,0.033747,0,183
3688500569,10489,280,0,DHT22,45.753616,WA1017,0.907328,EE671,0.987886,MLH01,131.513351,NXP3320,0.011702,0,183
3688500570,10490,280,0,DHT22,44.643116,WA1017,0.890049,EE671,0.994569,MLH01,132.664932,NXP3320,0.033641,0,183
3688500571,10491,280,0,DHT22,43.890091,WA1017,0.891414,EE671,0.978786,MLH01,117.268456,NXP3320,0.031863,0,183
3688500572,10492,280,0,DHT22,46.440704,WA1017,0.901649,EE671,0.980646,MLH01,123.043457,NXP3320,0.011492,0,183
3688500573,10493,280,0,DHT22,44.440121,WA1017,0.71005,EE671,0.972875,MLH01,213.992783,NXP3320,0.009554,0,183
3688500574,10494,280,0,DHT22,47.5051,WA1017,0.893255,EE671,0.960654,MLH01,121.271553,NXP3320,0.010168,0,183
3688500575,10495,280,0,DHT22,46.699657,WA1017,0.693722,EE671,0.990987,MLH01,206.053024,NXP3320,0.011842,0,183
3688500576,10496,280,0,DHT22,44.232841,WA1017,0.865309,EE671,0.990222,MLH01,149.294922,NXP3320,0.0079,0,183
3688500577,10497,280,0,DHT22,75.351624,WA1017,0.905285,EE671,0.993215,MLH01,125.555862,NXP3320,0.010849,0,183
3688500578,10498,280,0,DHT22,44.051933,WA1017,0.720762,EE671,0.967068,MLH01,171.686996,NXP3320,0.038029,0,183
3688500579,10499,280,0,DHT22,44.204865,WA1017,0.913391,EE671,0.969065,MLH01,211.249847,NXP3320,0.042017,0,183
3688500580,10500,280,0,DHT22,44.125927,WA1017,0.691964,EE671,0.977382,MLH01,116.791901,NXP3320,0.010762,0,183
3688500581,10501,280,0,DHT22,46.043015,WA1017,0.9016,EE671,0.992098,MLH01,112.294151,NXP3320,0.010835,0,183
3688500582,10502,280,0,DHT22,44.556576,WA1017,0.903637,EE671,0.961709,MLH01,118.028961,NXP3320,0.009271,0,183
3688500583,10503,280,0,DHT22,43.647564,WA1017,0.903045,EE671,0.979425,MLH01,123.00148,NXP3320,0.007944,0,183
3688500584,10504,280,0,DHT22,46.340893,WA1017,0.898534,EE671,0.989556,MLH01,124.06134,NXP3320,0.030301,0,183
3688500585,10505,280,0,DHT22,76.905388,WA1017,0.883767,EE671,0.977413,MLH01,125.570419,NXP3320,0.009591,0,183
3688500586,10506,280,0,DHT22,73.558212,WA1017,0.899524,EE671,0.984371,MLH01,124.030655,NXP3320,0.041904,0,183
3688500587,10507,280,0,DHT22,45.056255,WA1017,0.909841,EE671,0.989575,MLH01,119.205246,NXP3320,0.010119,0,183
3688500588,10508,280,0,DHT22,60.314537,WA1017,0.899829,EE671,0.973767,MLH01,155.931992,NXP3320,0.037841,0,183
3688500589,10509,280,0,DHT22,43.635948,WA1017,0.701293,EE671,0.971309,MLH01,119.927238,NXP3320,0.039807,0,183
3688500590,10510,280,0,DHT22,64.706436,WA1017,0.89664,EE671,0.977516,MLH01,121.668106,NXP3320,0.010272,0,183
3688500591,10511,280,0,DHT22,43.802921,WA1017,0.898728,EE671,0.988509,MLH01,119.916611,NXP3320,0.011669,0,183
3688500592,10512,280,0,DHT22,43.948685,WA1017,0.898597,EE671,0.983956,MLH01,125.521179,NXP3320,0.041085,0,183
3688500593,10513,280,0,DHT22,46.27037,WA1017,0.90626,EE671,0.982437,MLH01,122.218529,NXP3320,0.031422,0,183
3688500594,10514,280,0,DHT22,46.276989,WA1017,0.896382,EE671,0.985779,MLH01,126.340454,NXP3320,0.032327,0,183
3688500595,10515,280,0,DHT22,44.691986,WA1017,0.882511,EE671,0.964128,MLH01,118.749451,NXP3320,0.009009,0,183
3688500596,10516,280,0,DHT22,50.414547,WA1017,0.900913,EE671,0.990649,MLH01,123.029686,NXP3320,0.011696,0,183
3688500597,10517,280,0,DHT22,45.578472,WA1017,0.897443,EE671,0.981174,MLH01,129.180511,NXP3320,0.044061,0,183
3688500598,10518,280,0,DHT22,44.357136,WA1017,0.776436,EE671,0.973232,MLH01,123.616127,NXP3320,0.009935,0,183
3688500599,10519,280,0,DHT22,44.75177,WA1017,0.694487,EE671,0.972954,MLH01,120.748169,NXP3320,0.044311,0,183
3688500600,10520,280,0,DHT22,68.432869,WA1017,0.901777,EE671,0.971822,MLH01,135.287689,NXP3320,0.009336,0,183
3688500601,10521,280,0,DHT22,77.37056,WA1017,0.903034,EE671,0.967346,MLH01,142.678589,NXP3320,0.036434,0,183
3688500602,10522,280,0,DHT22,46.973446,WA1017,0.688303,EE671,0.982528,MLH01,116.731483,NXP3320,0.033374,0,183
3688500603,10523,280,0,DHT22,49.2164,WA1017,0.900463,EE671,0.981928,MLH01,117.509964,NXP3320,0.036252,0,183
3688500604,10524,280,1,DHT22,75.016457,WA1017,0.719438,EE671,0.982875,MLH01,149.559204,NXP3320,0.034741,0,183
3688500605,10525,280,0,DHT22,54.506195,WA1017,0.718771,EE671,0.981775,MLH01,163.944962,NXP3320,0.010474,0,183
3688500606,10526,280,0,DHT22,43.849487,WA1017,0.897156,EE671,0.974651,MLH01,207.466232,NXP3320,0.009311,0,183
3688500607,10527,280,0,DHT22,43.930096,WA1017,0.888043,EE671,0.987618,MLH01,124.76712,NXP3320,0.010674,0,183
3688500608,10528,280,0,DHT22,46.024311,WA1017,0.87201,EE671,0.97959,MLH01,129.015015,NXP3320,0.010143,0,183
3688500609,10529,280,0,DHT22,45.173668,WA1017,0.906566,EE671,0.979912,MLH01,116.484024,NXP3320,0.009006,0,183
3688500610,10530,280,0,DHT22,76.00898,WA1017,0.889229,EE671,0.981176,MLH01,130.363953,NXP3320,0.031945,0,183
3688500611,10531,280,0,DHT22,77.057564,WA1017,0.90593,EE671,0.960054,MLH01,121.012779,NXP3320,0.033714,0,183
3688500612,10532,280,0,DHT22,43.249439,WA1017,0.911347,EE671,0.967736,MLH01,134.066925,NXP3320,0.009694,0,183
3688500613,10533,280,0,DHT22,48.415466,WA1017,0.908955,EE671,0.980026,MLH01,119.773537,NXP3320,0.00988,0,183
3688500614,10534,280,0,DHT22,47.904175,WA1017,0.907727,EE671,0.974134,MLH01,128.726166,NXP3320,0.037668,0,183
3688500615,10535,280,0,DHT22,46.513,WA1017,0.892369,EE671,0.965287,MLH01,155.32251,NXP3320,0.010236,0,183
3688500616,10536,280,0,DHT22,49.303886,WA1017,0.891144,EE671,0.986461,MLH01,118.585602,NXP3320,0.035052,0,183
3688500617,10537,280,0,DHT22,47.06881,WA1017,0.856494,EE671,0.979717,MLH01,129.233078,NXP3320,0.010809,0,183
3688500618,10538,280,0,DHT22,45.89632,WA1017,0.896103,EE671,0.981313,MLH01,214.816452,NXP3320,0.036276,0,183
3688500619,10539,280,0,DHT22,43.880257,WA1017,0.896659,EE671,0.960216,MLH01,156.753372,NXP3320,0.040917,0,183
3688500620,10540,280,0,DHT22,44.805115,WA1017,0.894747,EE671,0.989952,MLH01,121.68425,NXP3320,0.009143,0,183
3688500621,10541,280,0,DHT22,45.578098,WA1017,0.910455,EE671,0.967304,MLH01,128.080856,NXP3320,0.010229,0,183
3688500622,10542,280,0,DHT22,46.428154,WA1017,0.900252,EE671,0.963301,MLH01,117.401703,NXP3320,0.031357,0,183
3688500623,10543,280,0,DHT22,68.312103,WA1017,0.894871,EE671,0.961049,MLH01,219.700897,NXP3320,0.009774,0,183
3688500624,10544,280,0,DHT22,46.752689,WA1017,0.91191,EE671,0.967761,MLH01,114.358612,NXP3320,0.009758,0,183
3688500625,10545,280,0,DHT22,44.551075,WA1017,0.906471,EE671,0.992142,MLH01,130.796417,NXP3320,0.039991,0,183
3688500626,10546,280,0,DHT22,62.079288,WA1017,0.890638,EE671,0.964522,MLH01,195.593185,NXP3320,0.009995,0,183
3688500627,10547,280,0,DHT22,50.013374,WA1017,0.693184,EE671,0.984722,MLH01,217.142014,NXP3320,0.01055,0,183
3688500628,10548,280,0,DHT22,67.492889,WA1017,0.893748,EE671,0.991763,MLH01,202.066849,NXP3320,0.039258,0,183
3688500629,10549,280,0,DHT22,45.826851,WA1017,0.906704,EE671,0.961323,MLH01,123.883743,NXP3320,0.010204,0,183
3688500630,10550,280,0,DHT22,43.443859,WA1017,0.708674,EE671,1.003564,MLH01,132.77681,NXP3320,0.009894,0,183
3688500631,10551,280,0,DHT22,46.291916,WA1017,0.888443,EE671,1.005126,MLH01,114.564896,NXP3320,0.01015,0,183
3688500632,10552,280,0,DHT22,51.931236,WA1017,0.900161,EE671,0.974158,MLH01,123.613106,NXP3320,0.045685,0,183
3688500633,10553,280,0,DHT22,47.852932,WA1017,0.892452,EE671,0.966955,MLH01,116.961426,NXP3320,0.011132,0,183
3688500634,10554,280,0,DHT22,44.668957,WA1017,0.707898,EE671,0.980684,MLH01,115.472794,NXP3320,0.034596,0,183
3688500635,10555,280,0,DHT22,66.798599,WA1017,0.704767,EE671,0.987406,MLH01,119.195061,NXP3320,0.009413,0,183
3688500636,10556,280,0,DHT22,70.091469,WA1017,0.903556,EE671,0.971251,MLH01,220.932419,NXP3320,0.038126,0,183
3688500637,10557,280,0,DHT22,44.884407,WA1017,0.901789,EE671,0.985359,MLH01,119.105606,NXP3320,0.010769,0,183
3688500638,10558,280,0,DHT22,75.542992,WA1017,0.901634,EE671,0.982612,MLH01,203.59935,NXP3320,0.035646,0,183
3688500639,10559,280,0,DHT22,44.821301,WA1017,0.707334,EE671,0.980535,MLH01,117.914513,NXP3320,0.01089,0,183
3688500640,10560,280,0,DHT22,66.792374,WA1017,0.715681,EE671,0.974219,MLH01,119.207817,NXP3320,0.031678,0,183
3688500641,10561,280,0,DHT22,67.332031,WA1017,0.705653,EE671,0.973926,MLH01,126.248489,NXP3320,0.011259,0,183
3688500642,10562,280,0,DHT22,45.201954,WA1017,0.718991,EE671,0.975762,MLH01,157.401291,NXP3320,0.010345,0,183
3688500643,10563,280,0,DHT22,46.009628,WA1017,0.689053,EE671,0.985167,MLH01,201.467056,NXP3320,0.010651,0,183
3688500644,10564,280,0,DHT22,45.966789,WA1017,0.723081,EE671,0.971707,MLH01,122.787857,NXP3320,0.038623,0,183
3688500645,10565,280,0,DHT22,45.3148,WA1017,0.817633,EE671,0.955563,MLH01,212.295059,NXP3320,0.009666,0,183
3688500646,10566,280,0,DHT22,73.648582,WA1017,0.889251,EE671,0.967867,MLH01,122.877907,NXP3320,0.009821,0,183
3688500647,10567,280,0,DHT22,44.878483,WA1017,0.707208,EE671,0.970203,MLH01,124.595787,NXP3320,0.009783,0,183
3688500648,10568,280,0,DHT22,46.008701,WA1017,0.896033,EE671,0.993979,MLH01,180.764099,NXP3320,0.009455,0,183
3688500649,10569,280,0,DHT22,46.160503,WA1017,0.717564,EE671,0.958044,MLH01,125.05909,NXP3320,0.037393,0,183
3688500650,10570,280,0,DHT22,52.844742,WA1017,0.723016,EE671,0.982674,MLH01,215.316132,NXP3320,0.034832,0,183
3688500651,10571,280,0,DHT22,75.826523,WA1017,0.891748,EE671,0.976393,MLH01,211.662994,NXP3320,0.00973,0,183
3688500652,10572,280,0,DHT22,44.493267,WA1017,0.905019,EE671,0.986836,MLH01,218.226471,NXP3320,0.034726,0,183
3688500653,10573,280,0,DHT22,46.72868,WA1017,0.900847,EE671,0.974125,MLH01,117.377235,NXP3320,0.013007,0,183
3688500654,10574,280,0,DHT22,74.656479,WA1017,0.891612,EE671,0.995154,MLH01,122.689865,NXP3320,0.00987,0,183
3688500655,10575,280,0,DHT22,45.82777,WA1017,0.907761,EE671,0.984072,MLH01,120.210381,NXP3320,0.008834,0,183
3688500656,10576,280,0,DHT22,72.366302,WA1017,0.698398,EE671,0.982979,MLH01,168.633057,NXP3320,0.032401,0,183
3688500657,10577,280,0,DHT22,45.474388,WA1017,0.923265,EE671,0.989145,MLH01,123.0019,NXP3320,0.010622,0,183
3688500658,10578,280,0,DHT22,75.933121,WA1017,0.897733,EE671,0.984916,MLH01,211.908691,NXP3320,0.010411,0,183
3688500659,10579,280,0,DHT22,49.016022,WA1017,0.883936,EE671,0.971184,MLH01,218.781631,NXP3320,0.037984,0,183
3688500660,10580,280,0,DHT22,61.980373,WA1017,0.893522,EE671,0.971681,MLH01,123.603836,NXP3320,0.010638,0,183
3688500661,10581,280,0,DHT22,70.408569,WA1017,0.914705,EE671,0.97976,MLH01,214.720947,NXP3320,0.008854,0,183
3688500662,10582,280,0,DHT22,45.519783,WA1017,0.88779,EE671,0.9914,MLH01,120.82589,NXP3320,0.010756,0,183
3688500663,10583,280,0,DHT22,45.362904,WA1017,0.903878,EE671,0.97737,MLH01,124.462646,NXP3320,0.009519,0,183
3688500664,10584,280,0,DHT22,45.7332,WA1017,0.884397,EE671,0.975027,MLH01,206.224915,NXP3320,0.010295,0,183
3688500665,10585,280,0,DHT22,44.230293,WA1017,0.709859,EE671,0.947589,MLH01,121.439087,NXP3320,0.009408,0,183
3688500666,10586,280,0,DHT22,45.446491,WA1017,0.894301,EE671,0.967779,MLH01,117.589264,NXP3320,0.011012,0,183
3688500667,10587,280,0,DHT22,43.104298,WA1017,0.910125,EE671,0.97287,MLH01,122.952148,NXP3320,0.036424,0,183
3688500668,10588,280,0,DHT22,54.10733,WA1017,0.882841,EE671,0.983858,MLH01,117.229172,NXP3320,0.038616,0,183
3688500669,10589,280,0,DHT22,44.749958,WA1017,0.910623,EE671,0.965453,MLH01,116.308891,NXP3320,0.011811,0,183
3688500670,10590,280,0,DHT22,57.02985,WA1017,0.707949,EE671,0.959065,MLH01,125.620415,NXP3320,0.012804,0,183
3688500671,10591,280,0,DHT22,46.34108,WA1017,0.914863,EE671,0.953631,MLH01,121.604683,NXP3320,0.008997,0,183
3688500672,10592,280,0,DHT22,73.420738,WA1017,0.907958,EE671,0.982425,MLH01,117.613884,NXP3320,0.043369,0,183
3688500673,10593,280,0,DHT22,47.777145,WA1017,0.713121,EE671,0.98529,MLH01,123.21199,NXP3320,0.033204,0,183
3688500674,10594,280,0,DHT22,45.504967,WA1017,0.903654,EE671,0.987944,MLH01,121.89473,NXP3320,0.010062,0,183
3688500675,10595,280,0,DHT22,76.969315,WA1017,0.901982,EE671,0.972321,MLH01,214.640717,NXP3320,0.011005,0,183
3688500676,10596,280,0,DHT22,54.213745,WA1017,0.69859,EE671,0.987465,MLH01,121.21022,NXP3320,0.045071,0,183
3688500677,10597,280,0,DHT22,73.646965,WA1017,0.89713,EE671,0.965676,MLH01,202.09462,NXP3320,0.007621,0,183
3688500678,10598,280,0,DHT22,45.06741,WA1017,0.710315,EE671,0.958651,MLH01,121.586159,NXP3320,0.044805,0,183
3688500679,10599,280,0,DHT22,44.145859,WA1017,0.903196,EE671,0.988676,MLH01,116.609665,NXP3320,0.031764,0,183
3688500680,10600,280,0,DHT22,44.800964,WA1017,0.7282,EE671,0.982941,MLH01,119.114006,NXP3320,0.03714,0,183
3688500681,10601,280,0,DHT22,46.409821,WA1017,0.912323,EE671,0.985661,MLH01,117.570755,NXP3320,0.031387,0,183
3688500682,10602,280,0,DHT22,48.743401,WA1017,0.711635,EE671,0.973581,MLH01,125.838448,NXP3320,0.011138,0,183
3688500683,10603,280,0,DHT22,45.340176,WA1017,0.899586,EE671,0.969751,MLH01,119.146858,NXP3320,0.011359,0,183
3688500684,10604,280,0,DHT22,69.833786,WA1017,0.739572,EE671,0.97462,MLH01,115.055733,NXP3320,0.038384,0,183
3688500685,10605,280,0,DHT22,46.630871,WA1017,0.88886,EE671,0.975089,MLH01,214.621796,NXP3320,0.030273,0,183
3688500686,10606,280,0,DHT22,45.848572,WA1017,0.900632,EE671,0.993062,MLH01,117.949448,NXP3320,0.008916,0,183
3688500687,10607,280,0,DHT22,43.734131,WA1017,0.852554,EE671,0.975557,MLH01,117.956841,NXP3320,0.010234,0,183
3688500688,10608,280,0,DHT22,72.870354,WA1017,0.898964,EE671,0.969641,MLH01,118.836876,NXP3320,0.009346,0,183
3688500689,10609,280,0,DHT22,46.688641,WA1017,0.71643,EE671,0.986062,MLH01,182.021515,NXP3320,0.039792,0,183
3688500690,10610,280,0,DHT22,67.097366,WA1017,0.902882,EE671,0.9857,MLH01,142.682114,NXP3320,0.033517,0,183
3688500691,10611,280,0,DHT22,55.342453,WA1017,0.714899,EE671,0.973113,MLH01,219.869156,NXP3320,0.009607,0,183
3688500692,10612,280,0,DHT22,45.012646,WA1017,0.874317,EE671,0.971636,MLH01,125.315842,NXP3320,0.010645,0,183
3688500693,10613,280,0,DHT22,48.206871,WA1017,0.90201,EE671,0.981011,MLH01,123.886894,NXP3320,0.010261,0,183
3688500694,10614,280,0,DHT22,44.653381,WA1017,0.892077,EE671,0.95746,MLH01,126.534012,NXP3320,0.009828,0,183
3688500695,10615,280,0,DHT22,45.716557,WA1017,0.702354,EE671,0.95902,MLH01,125.830582,NXP3320,0.007131,0,183
3688500696,10616,280,0,DHT22,45.402863,WA1017,0.895019,EE671,0.975642,MLH01,209.464355,NXP3320,0.03923,0,183
3688500697,10617,280,0,DHT22,44.482002,WA1017,0.901204,EE671,0.961846,MLH01,113.665665,NXP3320,0.009424,0,183
3688500698,10618,280,0,DHT22,47.853714,WA1017,0.891563,EE671,0.979057,MLH01,214.10173,NXP3320,0.009596,0,183
3688500699,10619,280,0,DHT22,43.039875,WA1017,0.913239,EE671,0.987375,MLH01,210.444321,NXP3320,0.032192,0,183
3688500700,10620,280,0,DHT22,44.958443,WA1017,0.906355,EE671,0.975666,MLH01,112.837502,NXP3320,0.010103,0,183
3688500701,10621,280,0,DHT22,44.462616,WA1017,0.713228,EE671,0.971065,MLH01,167.765228,NXP3320,0.034083,0,183
3688500702,10622,280,0,DHT22,44.234352,WA1017,0.897569,EE671,0.970825,MLH01,118.363739,NXP3320,0.032572,0,183
3688500703,10623,280,0,DHT22,55.805138,WA1017,0.887264,EE671,0.972247,MLH01,208.208588,NXP3320,0.011078,0,183
3688500704,10624,280,0,DHT22,71.635338,WA1017,0.889649,EE671,0.992698,MLH01,198.771332,NXP3320,0.033439,0,183
3688500705,10625,280,0,DHT22,45.022205,WA1017,0.704151,EE671,0.989661,MLH01,115.59726,NXP3320,0.037952,0,183
3688500706,10626,280,0,DHT22,45.232513,WA1017,0.901331,EE671,0.975936,MLH01,127.361015,NXP3320,0.009097,0,183
3688500707,10627,280,0,DHT22,44.902058,WA1017,0.902299,EE671,0.982344,MLH01,123.351952,NXP3320,0.012001,0,183
3688500708,10628,280,0,DHT22,43.517906,WA1017,0.893424,EE671,0.96943,MLH01,118.963799,NXP3320,0.009383,0,183
3688500709,10629,280,0,DHT22,43.482643,WA1017,0.900599,EE671,0.980249,MLH01,117.718422,NXP3320,0.032163,0,183
3688500710,10630,280,0,DHT22,65.707695,WA1017,0.894366,EE671,0.967228,MLH01,122.334991,NXP3320,0.035188,0,183
3688500711,10631,280,0,DHT22,46.803284,WA1017,0.908585,EE671,0.976545,MLH01,134.815872,NXP3320,0.031508,0,183
3688500712,10632,280,0,DHT22,48.89682,WA1017,0.704794,EE671,0.961464,MLH01,119.777596,NXP3320,0.035073,0,183
3688500713,10633,280,0,DHT22,62.327511,WA1017,0.894879,EE671,0.994862,MLH01,147.509979,NXP3320,0.010415,0,183
3688500714,10634,280,0,DHT22,77.513863,WA1017,0.895391,EE671,0.973903,MLH01,118.340118,NXP3320,0.040088,0,183
3688500715,10635,280,0,DHT22,43.658443,WA1017,0.908413,EE671,0.974331,MLH01,136.212585,NXP3320,0.032693,0,183
3688500716,10636,280,0,DHT22,47.249115,WA1017,0.712217,EE671,0.984567,MLH01,120.44014,NXP3320,0.038551,0,183
3688500717,10637,280,0,DHT22,67.429474,WA1017,0.884413,EE671,0.979364,MLH01,204.600906,NXP3320,0.032904,0,183
3688500718,10638,280,0,DHT22,44.495918,WA1017,0.89619,EE671,0.972905,MLH01,120.576324,NXP3320,0.009682,0,183
3688500719,10639,280,0,DHT22,45.056458,WA1017,0.907966,EE671,0.978609,MLH01,121.875145,NXP3320,0.00831,0,183
3688500720,10640,280,0,DHT22,44.059261,WA1017,0.874625,EE671,0.989383,MLH01,121.155205,NXP3320,0.043132,0,183
3688500721,10641,280,0,DHT22,61.258621,WA1017,0.732376,EE671,0.957742,MLH01,189.551285,NXP3320,0.009925,0,183
3688500722,10642,280,0,DHT22,60.124756,WA1017,0.706121,EE671,0.965473,MLH01,125.51165,NXP3320,0.009643,0,183
3688500723,10643,280,0,DHT22,75.197319,WA1017,0.901986,EE671,0.986324,MLH01,198.333328,NXP3320,0.041874,0,183
3688500724,10644,280,0,DHT22,46.030727,WA1017,0.893487,EE671,0.973359,MLH01,121.63694,NXP3320,0.035481,0,183
3688500725,10645,280,0,DHT22,47.91312,WA1017,0.725549,EE671,0.981172,MLH01,212.573898,NXP3320,0.032617,0,183
3688500726,10646,280,0,DHT22,44.492386,WA1017,0.897987,EE671,0.97882,MLH01,168.90538,NXP3320,0.010383,0,183
3688500727,10647,280,0,DHT22,67.521935,WA1017,0.921379,EE671,0.98368,MLH01,208.659348,NXP3320,0.011432,0,183
3688500728,10648,280,0,DHT22,44.531654,WA1017,0.89796,EE671,0.974445,MLH01,121.113312,NXP3320,0.034274,0,183
3688500729,10649,280,0,DHT22,69.69809,WA1017,0.897881,EE671,0.970844,MLH01,118.135696,NXP3320,0.043788,0,183
3688500730,10650,280,0,DHT22,45.620903,WA1017,0.868643,EE671,0.986651,MLH01,157.915741,NXP3320,0.00782,0,183
3688500731,10651,280,0,DHT22,45.909241,WA1017,0.903372,EE671,0.979021,MLH01,112.253487,NXP3320,0.033067,0,183
3688500732,10652,280,0,DHT22,53.020344,WA1017,0.903654,EE671,0.964389,MLH01,207.643463,NXP3320,0.010804,0,183
3688500733,10653,280,0,DHT22,44.300018,WA1017,0.906121,EE671,0.971014,MLH01,123.438591,NXP3320,0.033969,0,183
3688500734,10654,280,0,DHT22,61.654049,WA1017,0.893538,EE671,0.982403,MLH01,126.007927,NXP3320,0.041734,0,183
3688500735,10655,280,0,DHT22,45.417496,WA1017,0.910986,EE671,0.9709,MLH01,118.505844,NXP3320,0.041359,0,183
3688500736,10656,280,0,DHT22,49.723839,WA1017,0.69584,EE671,0.986091,MLH01,123.171761,NXP3320,0.032111,0,183
3688500737,10657,280,0,DHT22,46.503185,WA1017,0.751386,EE671,0.973049,MLH01,122.147522,NXP3320,0.008235,0,183
3688500738,10658,280,0,DHT22,65.564026,WA1017,0.884984,EE671,0.996121,MLH01,213.588806,NXP3320,0.009332,0,183
3688500739,10659,280,0,DHT22,44.812721,WA1017,0.898083,EE671,0.96734,MLH01,116.683311,NXP3320,0.010668,0,183
3688500740,10660,280,0,DHT22,44.500683,WA1017,0.831088,EE671,0.969635,MLH01,123.617622,NXP3320,0.009712,0,183
3688500741,10661,280,0,DHT22,71.286636,WA1017,0.878636,EE671,0.976034,MLH01,212.317139,NXP3320,0.01118,0,183
3688500742,10662,280,0,DHT22,45.064651,WA1017,0.726031,EE671,0.983181,MLH01,119.481644,NXP3320,0.041536,0,183
3688500743,10663,280,0,DHT22,61.78886,WA1017,0.903709,EE671,0.989762,MLH01,119.504684,NXP3320,0.033642,0,183
3688500744,10664,280,0,DHT22,72.717392,WA1017,0.898209,EE671,0.98581,MLH01,114.88813,NXP3320,0.008147,0,183
3688500745,10665,280,0,DHT22,45.957848,WA1017,0.900091,EE671,0.959202,MLH01,206.18042,NXP3320,0.010506,0,183
3688500746,10666,280,0,DHT22,75.778954,WA1017,0.914143,EE671,0.971731,MLH01,202.868759,NXP3320,0.009166,0,183
3688500747,10667,280,0,DHT22,44.204388,WA1017,0.896434,EE671,0.976559,MLH01,135.993713,NXP3320,0.008913,0,183
3688500748,10668,280,0,DHT22,43.320763,WA1017,0.90435,EE671,0.971048,MLH01,113.893211,NXP3320,0.029283,0,183
3688500749,10669,280,0,DHT22,43.371925,WA1017,0.721586,EE671,0.965336,MLH01,138.204926,NXP3320,0.010375,0,183
3688500750,10670,280,0,DHT22,45.006618,WA1017,0.683481,EE671,0.986997,MLH01,132.191864,NXP3320,0.042304,0,183
3688500751,10671,280,0,DHT22,45.053917,WA1017,0.89085,EE671,0.984346,MLH01,220.651077,NXP3320,0.041656,0,183
3688500752,10672,280,0,DHT22,43.760689,WA1017,0.74142,EE671,1.007361,MLH01,130.066696,NXP3320,0.010201,0,183
3688500753,10673,280,0,DHT22,74.994148,WA1017,0.894401,EE671,0.96658,MLH01,118.2957,NXP3320,0.034057,0,183
3688500754,10674,280,0,DHT22,45.820496,WA1017,0.888815,EE671,0.978957,MLH01,114.204697,NXP3320,0.039356,0,183
3688500755,10675,280,0,DHT22,46.222519,WA1017,0.902248,EE671,0.977323,MLH01,118.976501,NXP3320,0.008277,0,183
3688500756,10676,280,0,DHT22,44.283073,WA1017,0.910189,EE671,0.97837,MLH01,122.196426,NXP3320,0.03834,0,183
3688500757,10677,280,0,DHT22,50.210918,WA1017,0.901456,EE671,0.968458,MLH01,144.780136,NXP3320,0.01101,0,183
3688500758,10678,280,0,DHT22,73.370117,WA1017,0.909104,EE671,0.998601,MLH01,189.237549,NXP3320,0.010528,0,183
3688500759,10679,280,0,DHT22,45.236919,WA1017,0.915041,EE671,0.98376,MLH01,141.454605,NXP3320,0.009708,0,183
3688500760,10680,280,0,DHT22,44.197395,WA1017,0.887491,EE671,0.983234,MLH01,115.978806,NXP3320,0.010444,0,183
3688500761,10681,280,0,DHT22,51.088863,WA1017,0.896326,EE671,0.976129,MLH01,202.680267,NXP3320,0.042255,0,183
3688500762,10682,280,0,DHT22,56.44767,WA1017,0.709032,EE671,0.977075,MLH01,120.656998,NXP3320,0.034682,0,183
3688500763,10683,280,0,DHT22,43.607452,WA1017,0.721623,EE671,0.977203,MLH01,122.818741,NXP3320,0.032211,0,183
3688500764,10684,280,0,DHT22,44.740299,WA1017,0.721053,EE671,0.989725,MLH01,130.220978,NXP3320,0.011027,0,183
3688500765,10685,280,0,DHT22,43.452721,WA1017,0.707476,EE671,0.988544,MLH01,124.052025,NXP3320,0.009997,0,183
3688500766,10686,280,0,DHT22,63.370811,WA1017,0.895254,EE671,0.982152,MLH01,215.293869,NXP3320,0.010052,0,183
3688500767,10687,280,0,DHT22,44.380268,WA1017,0.706173,EE671,0.984935,MLH01,214.324417,NXP3320,0.03586,0,183
3688500768,10688,280,0,DHT22,44.213169,WA1017,0.703079,EE671,0.976905,MLH01,170.270981,NXP3320,0.030759,0,183
3688500769,10689,280,0,DHT22,43.334778,WA1017,0.889822,EE671,0.966049,MLH01,126.384071,NXP3320,0.045505,0,183
3688500770,10690,280,0,DHT22,44.584038,WA1017,0.901758,EE671,0.97408,MLH01,127.333366,NXP3320,0.010496,0,183
3688500771,10691,280,0,DHT22,45.709343,WA1017,0.70621,EE671,0.978306,MLH01,120.625549,NXP3320,0.034035,0,183
3688500772,10692,280,0,DHT22,67.888268,WA1017,0.719346,EE671,0.962329,MLH01,125.530258,NXP3320,0.009125,0,183
3688500773,10693,280,0,DHT22,47.784939,WA1017,0.711488,EE671,0.988049,MLH01,124.255089,NXP3320,0.044986,0,183
3688500774,10694,280,0,DHT22,55.621773,WA1017,0.92286,EE671,0.98668,MLH01,185.64711,NXP3320,0.041647,0,183
3688500775,10695,280,0,DHT22,47.707878,WA1017,0.900417,EE671,0.992425,MLH01,125.433609,NXP3320,0.011081,0,183
3688500776,10696,280,0,DHT22,45.251808,WA1017,0.891484,EE671,0.971561,MLH01,133.091049,NXP3320,0.008085,0,183
3688500777,10697,280,0,DHT22,57.755344,WA1017,0.717968,EE671,0.970232,MLH01,146.856506,NXP3320,0.041788,0,183
3688500778,10698,280,0,DHT22,44.843174,WA1017,0.711242,EE671,0.961334,MLH01,207.929382,NXP3320,0.038604,0,183
3688500779,10699,280,0,DHT22,44.102631,WA1017,0.896411,EE671,0.989751,MLH01,220.404755,NXP3320,0.030659,0,183
3688500780,10700,280,0,DHT22,51.793137,WA1017,0.70828,EE671,0.966647,MLH01,126.450325,NXP3320,0.031761,0,183
3688500781,10701,280,0,DHT22,43.192009,WA1017,0.847328,EE671,0.98274,MLH01,119.548355,NXP3320,0.010866,0,183
3688500782,10702,280,0,DHT22,47.644001,WA1017,0.898687,EE671,0.958072,MLH01,128.141525,NXP3320,0.008383,0,183
3688500783,10703,280,0,DHT22,44.157135,WA1017,0.714136,EE671,0.960428,MLH01,186.682526,NXP3320,0.040941,0,183
3688500784,10704,280,0,DHT22,47.208424,WA1017,0.907665,EE671,0.976811,MLH01,124.739006,NXP3320,0.038184,0,183
3688500785,10705,280,0,DHT22,42.500168,WA1017,0.907557,EE671,0.963823,MLH01,121.257416,NXP3320,0.043994,0,183
3688500786,10706,280,0,DHT22,44.830849,WA1017,0.908634,EE671,1.005384,MLH01,121.845474,NXP3320,0.03722,0,183
3688500787,10707,280,0,DHT22,45.765766,WA1017,0.718688,EE671,0.993954,MLH01,117.704208,NXP3320,0.043054,0,183
3688500788,10708,280,0,DHT22,44.770645,WA1017,0.705071,EE671,0.980142,MLH01,120.275902,NXP3320,0.009996,0,183
3688500789,10709,280,0,DHT22,47.811977,WA1017,0.892131,EE671,0.955148,MLH01,221.374786,NXP3320,0.009399,0,183
3688500790,10710,280,0,DHT22,44.514217,WA1017,0.906743,EE671,0.966816,MLH01,130.808792,NXP3320,0.035195,0,183
3688500791,10711,280,0,DHT22,45.963062,WA1017,0.900816,EE671,0.983975,MLH01,117.858437,NXP3320,0.009702,0,183
3688500792,10712,280,0,DHT22,62.694935,WA1017,0.905678,EE671,0.963917,MLH01,120.541611,NXP3320,0.008883,0,183
3688500793,10713,280,0,DHT22,43.932861,WA1017,0.920816,EE671,0.968195,MLH01,204.305862,NXP3320,0.044501,0,183
3688500794,10714,280,0,DHT22,74.547775,WA1017,0.89927,EE671,0.989475,MLH01,118.101883,NXP3320,0.040588,0,183
3688500795,10715,280,0,DHT22,69.637222,WA1017,0.736145,EE671,0.985385,MLH01,114.270279,NXP3320,0.034506,0,183
3688500796,10716,280,0,DHT22,46.201073,WA1017,0.912848,EE671,0.979541,MLH01,125.704346,NXP3320,0.009718,0,183
3688500797,10717,280,0,DHT22,54.504482,WA1017,0.690979,EE671,0.985804,MLH01,119.136902,NXP3320,0.00929,0,183
3688500798,10718,280,0,DHT22,44.781261,WA1017,0.717019,EE671,0.969191,MLH01,124.997147,NXP3320,0.010989,0,183
3688500799,10719,280,0,DHT22,61.618389,WA1017,0.894719,EE671,0.977326,MLH01,208.819107,NXP3320,0.034244,0,183
3688500800,10720,280,0,DHT22,45.38591,WA1017,0.89845,EE671,0.982047,MLH01,209.212448,NXP3320,0.009689,0,183
3688500801,10721,280,0,DHT22,65.866951,WA1017,0.729066,EE671,0.980782,MLH01,215.687256,NXP3320,0.008416,0,183
3688500802,10722,280,0,DHT22,44.024509,WA1017,0.728415,EE671,0.984824,MLH01,196.417709,NXP3320,0.044798,0,183
3688500803,10723,280,0,DHT22,54.652534,WA1017,0.714245,EE671,0.981466,MLH01,128.055939,NXP3320,0.008911,0,183
3688500804,10724,280,0,DHT22,45.011982,WA1017,0.912058,EE671,0.981811,MLH01,115.509491,NXP3320,0.010027,0,183
3688500805,10725,280,0,DHT22,45.392002,WA1017,0.706598,EE671,0.955938,MLH01,213.98204,NXP3320,0.008119,0,183
3688500806,10726,280,0,DHT22,44.411465,WA1017,0.889982,EE671,0.973162,MLH01,126.17411,NXP3320,0.042987,0,183
3688500807,10727,280,0,DHT22,46.533619,WA1017,0.909595,EE671,0.983902,MLH01,125.52829,NXP3320,0.009837,0,183
3688500808,10728,280,0,DHT22,44.499218,WA1017,0.897763,EE671,0.968541,MLH01,215.174255,NXP3320,0.036488,0,183
3688500809,10729,280,0,DHT22,61.039379,WA1017,0.893734,EE671,0.97015,MLH01,200.312546,NXP3320,0.041888,0,183
3688500810,10730,280,0,DHT22,76.476639,WA1017,0.889839,EE671,0.975896,MLH01,127.401581,NXP3320,0.039916,0,183
3688500811,10731,280,0,DHT22,77.39077,WA1017,0.896411,EE671,0.971766,MLH01,118.547562,NXP3320,0.043405,0,183
3688500812,10732,280,0,DHT22,44.987999,WA1017,0.908148,EE671,0.9816,MLH01,124.388947,NXP3320,0.009218,0,183
3688500813,10733,280,0,DHT22,54.832935,WA1017,0.911277,EE671,0.997274,MLH01,122.385445,NXP3320,0.040452,0,183
3688500814,10734,280,0,DHT22,55.433735,WA1017,0.906921,EE671,0.986835,MLH01,122.500092,NXP3320,0.011042,0,183
3688500815,10735,280,0,DHT22,44.78146,WA1017,0.889312,EE671,0.969913,MLH01,116.93914,NXP3320,0.038946,0,183
3688500816,10736,280,0,DHT22,55.669098,WA1017,0.910851,EE671,0.976205,MLH01,209.564697,NXP3320,0.034037,0,183
3688500817,10737,280,0,DHT22,78.39119,WA1017,0.902586,EE671,0.978651,MLH01,193.944778,NXP3320,0.011506,0,183
3688500818,10738,280,0,DHT22,44.778599,WA1017,0.873205,EE671,0.961743,MLH01,119.817558,NXP3320,0.011318,0,183
3688500819,10739,280,0,DHT22,45.1427,WA1017,0.71512,EE671,0.969929,MLH01,116.900291,NXP3320,0.038373,0,183
3688500820,10740,280,0,DHT22,54.559792,WA1017,0.71685,EE671,0.965769,MLH01,216.02327,NXP3320,0.036079,0,183
3688500821,10741,280,0,DHT22,52.210651,WA1017,0.704554,EE671,0.970977,MLH01,210.84465,NXP3320,0.00754,0,183
3688500822,10742,280,0,DHT22,46.905495,WA1017,0.890655,EE671,0.981712,MLH01,114.753586,NXP3320,0.035446,0,183
3688500823,10743,280,0,DHT22,46.643856,WA1017,0.888544,EE671,0.96657,MLH01,122.014336,NXP3320,0.031966,0,183
3688500824,10744,280,0,DHT22,44.130676,WA1017,0.717118,EE671,0.989732,MLH01,116.296906,NXP3320,0.010923,0,183
3688500825,10745,280,0,DHT22,44.057835,WA1017,0.709048,EE671,0.985943,MLH01,132.71817,NXP3320,0.043163,0,183
3688500826,10746,280,0,DHT22,44.317562,WA1017,0.895831,EE671,0.978944,MLH01,124.079597,NXP3320,0.010555,0,183
3688500827,10747,280,0,DHT22,50.897911,WA1017,0.893116,EE671,1.004565,MLH01,120.939468,NXP3320,0.008334,0,183
3688500828,10748,280,0,DHT22,45.751675,WA1017,0.867018,EE671,0.970204,MLH01,128.564026,NXP3320,0.01001,0,183
3688500829,10749,280,0,DHT22,61.479343,WA1017,0.898881,EE671,0.954953,MLH01,125.61232,NXP3320,0.010143,0,183
3688500830,10750,280,0,DHT22,60.615707,WA1017,0.894716,EE671,0.977351,MLH01,217.571182,NXP3320,0.039084,0,183
3688500831,10751,280,0,DHT22,43.890137,WA1017,0.711508,EE671,0.978845,MLH01,123.239037,NXP3320,0.044465,0,183
3688500832,10752,280,0,DHT22,44.694523,WA1017,0.687346,EE671,0.960492,MLH01,113.612137,NXP3320,0.008432,0,183
3688500833,10753,280,0,DHT22,45.999435,WA1017,0.90062,EE671,0.971789,MLH01,120.832779,NXP3320,0.010111,0,183
3688500834,10754,280,0,DHT22,44.653431,WA1017,0.738797,EE671,0.991975,MLH01,122.345634,NXP3320,0.011277,0,183
3688500835,10755,280,0,DHT22,43.507748,WA1017,0.902224,EE671,0.986485,MLH01,173.910873,NXP3320,0.008759,0,183
3688500836,10756,280,0,DHT22,51.670689,WA1017,0.717233,EE671,0.969108,MLH01,118.813927,NXP3320,0.011009,0,183
3688500837,10757,280,0,DHT22,76.3815,WA1017,0.919859,EE671,0.959397,MLH01,218.661102,NXP3320,0.011214,0,183
3688500838,10758,280,0,DHT22,44.024391,WA1017,0.699072,EE671,0.982856,MLH01,122.428856,NXP3320,0.010376,0,183
3688500839,10759,280,0,DHT22,46.201019,WA1017,0.892204,EE671,0.980227,MLH01,160.57103,NXP3320,0.010118,0,183
3688500840,10760,280,0,DHT22,43.0979,WA1017,0.713981,EE671,0.962356,MLH01,115.063026,NXP3320,0.039875,0,183
3688500841,10761,280,0,DHT22,50.436417,WA1017,0.896049,EE671,0.968379,MLH01,146.096771,NXP3320,0.011705,0,183
3688500842,10762,280,0,DHT22,72.848007,WA1017,0.9111,EE671,0.970206,MLH01,148.12085,NXP3320,0.041115,0,183
3688500843,10763,280,0,DHT22,79.324409,WA1017,0.899463,EE671,0.980066,MLH01,212.444916,NXP3320,0.036126,0,183
3688500844,10764,280,0,DHT22,76.896202,WA1017,0.907894,EE671,0.985952,MLH01,122.848717,NXP3320,0.040218,0,183
3688500845,10765,280,0,DHT22,43.30687,WA1017,0.898257,EE671,0.973368,MLH01,121.52272,NXP3320,0.010899,0,183
3688500846,10766,280,0,DHT22,44.48695,WA1017,0.884854,EE671,0.983839,MLH01,114.429764,NXP3320,0.009859,0,183
3688500847,10767,280,0,DHT22,46.6199,WA1017,0.716387,EE671,0.969962,MLH01,209.978226,NXP3320,0.03637,0,183
3688500848,10768,280,0,DHT22,44.745792,WA1017,0.898062,EE671,0.990447,MLH01,211.834641,NXP3320,0.034347,0,183
3688500849,10769,280,0,DHT22,63.28511,WA1017,0.91006,EE671,0.984673,MLH01,129.028046,NXP3320,0.042649,0,183
3688500850,10770,280,0,DHT22,65.867531,WA1017,0.90693,EE671,0.96732,MLH01,214.382156,NXP3320,0.009276,0,183
3688500851,10771,280,0,DHT22,44.763885,WA1017,0.701466,EE671,1.000653,MLH01,119.157097,NXP3320,0.033624,0,183
3688500852,10772,280,0,DHT22,48.76495,WA1017,0.926035,EE671,0.96335,MLH01,209.744003,NXP3320,0.011991,0,183
3688500853,10773,280,0,DHT22,46.129547,WA1017,0.902504,EE671,0.975392,MLH01,131.848282,NXP3320,0.009764,0,183
3688500854,10774,280,0,DHT22,45.792904,WA1017,0.887537,EE671,0.997463,MLH01,121.034767,NXP3320,0.011075,0,183
3688500855,10775,280,0,DHT22,53.512188,WA1017,0.897544,EE671,0.967179,MLH01,117.270943,NXP3320,0.03358,0,183
3688500856,10776,280,0,DHT22,43.580875,WA1017,0.717188,EE671,1.000627,MLH01,121.174782,NXP3320,0.010011,0,183
3688500857,10777,280,0,DHT22,45.613544,WA1017,0.907362,EE671,0.960201,MLH01,195.080353,NXP3320,0.034197,0,183
3688500858,10778,280,0,DHT22,46.58868,WA1017,0.879326,EE671,0.959728,MLH01,120.887611,NXP3320,0.010479,0,183
3688500859,10779,280,0,DHT22,44.170731,WA1017,0.902837,EE671,0.964633,MLH01,122.473259,NXP3320,0.009504,0,183
3688500860,10780,280,0,DHT22,49.716034,WA1017,0.899321,EE671,0.967834,MLH01,211.293045,NXP3320,0.037312,0,183
3688500861,10781,280,0,DHT22,43.109837,WA1017,0.724802,EE671,0.963153,MLH01,122.094604,NXP3320,0.010172,0,183
3688500862,10782,280,0,DHT22,46.259567,WA1017,0.70704,EE671,0.980677,MLH01,128.318573,NXP3320,0.040869,0,183
3688500863,10783,280,0,DHT22,45.607822,WA1017,0.893352,EE671,0.990495,MLH01,147.479813,NXP3320,0.010658,0,183
3688500864,10784,280,0,DHT22,51.933002,WA1017,0.716409,EE671,0.966345,MLH01,126.585564,NXP3320,0.035651,0,183
3688500865,10785,280,0,DHT22,72.895317,WA1017,0.900721,EE671,0.959945,MLH01,121.816811,NXP3320,0.037322,0,183
3688500866,10786,280,0,DHT22,44.299515,WA1017,0.901282,EE671,0.967188,MLH01,120.01313,NXP3320,0.010894,0,183
3688500867,10787,280,0,DHT22,46.510792,WA1017,0.739164,EE671,0.975034,MLH01,123.071793,NXP3320,0.008995,0,183
3688500868,10788,280,0,DHT22,49.097744,WA1017,0.904281,EE671,0.971766,MLH01,217.369659,NXP3320,0.039292,0,183
3688500869,10789,280,0,DHT22,43.430725,WA1017,0.892013,EE671,0.973633,MLH01,213.538635,NXP3320,0.039725,0,183
3688500870,10790,280,0,DHT22,44.839165,WA1017,0.907116,EE671,0.967632,MLH01,215.566818,NXP3320,0.01124,0,183
3688500871,10791,280,0,DHT22,45.548645,WA1017,0.709155,EE671,0.967658,MLH01,213.08313,NXP3320,0.031139,0,183
3688500872,10792,280,0,DHT22,72.966431,WA1017,0.907724,EE671,0.973904,MLH01,121.161354,NXP3320,0.00944,0,183
3688500873,10793,280,0,DHT22,43.743931,WA1017,0.726857,EE671,0.970378,MLH01,121.653603,NXP3320,0.034074,0,183
3688500874,10794,280,0,DHT22,46.557713,WA1017,0.906029,EE671,0.97,MLH01,143.380402,NXP3320,0.040116,0,183
3688500875,10795,280,0,DHT22,46.243401,WA1017,0.795185,EE671,0.982182,MLH01,179.615295,NXP3320,0.012212,0,183
3688500876,10796,280,0,DHT22,45.470001,WA1017,0.892033,EE671,0.968178,MLH01,120.078812,NXP3320,0.031565,0,183
3688500877,10797,280,0,DHT22,44.435493,WA1017,0.895614,EE671,1.007514,MLH01,120.912445,NXP3320,0.008845,0,183
3688500878,10798,280,0,DHT22,44.73988,WA1017,0.893083,EE671,0.971952,MLH01,120.121414,NXP3320,0.009758,0,183
3688500879,10799,280,0,DHT22,44.759697,WA1017,0.874754,EE671,0.987883,MLH01,224.004669,NXP3320,0.038948,0,183
3688500880,10800,280,0,DHT22,45.457291,WA1017,0.696042,EE671,0.985536,MLH01,116.604172,NXP3320,0.032719,0,183
3688500881,10801,280,0,DHT22,43.944408,WA1017,0.905021,EE671,0.966785,MLH01,218.268204,NXP3320,0.030508,0,183
3688500882,10802,280,0,DHT22,57.54789,WA1017,0.71369,EE671,0.98338,MLH01,118.865707,NXP3320,0.010369,0,183
3688500883,10803,280,0,DHT22,77.574448,WA1017,0.902661,EE671,0.97898,MLH01,136.503159,NXP3320,0.011047,0,183
3688500884,10804,280,0,DHT22,44.356884,WA1017,0.699184,EE671,0.972771,MLH01,124.827507,NXP3320,0.008996,0,183
3688500885,10805,280,0,DHT22,46.260128,WA1017,0.909806,EE671,0.981158,MLH01,150.18306,NXP3320,0.010077,0,183
3688500886,10806,280,0,DHT22,49.511139,WA1017,0.892723,EE671,0.980977,MLH01,119.435593,NXP3320,0.034234,0,183
3688500887,10807,280,0,DHT22,45.222954,WA1017,0.712796,EE671,0.967565,MLH01,123.661079,NXP3320,0.042009,0,183
3688500888,10808,280,0,DHT22,44.202271,WA1017,0.912976,EE671,0.971413,MLH01,124.479431,NXP3320,0.009894,0,183
3688500889,10809,280,0,DHT22,73.662071,WA1017,0.894137,EE671,0.983044,MLH01,144.140488,NXP3320,0.042118,0,183
3688500890,10810,280,0,DHT22,45.147678,WA1017,0.84997,EE671,0.994213,MLH01,124.132004,NXP3320,0.009226,0,183
3688500891,10811,280,0,DHT22,50.817448,WA1017,0.906383,EE671,0.965644,MLH01,169.324646,NXP3320,0.01038,0,183
3688500892,10812,280,0,DHT22,55.474361,WA1017,0.897048,EE671,0.983334,MLH01,208.248962,NXP3320,0.008799,0,183
3688500893,10813,280,0,DHT22,53.210037,WA1017,0.911244,EE671,0.979799,MLH01,126.024124,NXP3320,0.039076,0,183
3688500894,10814,280,0,DHT22,65.882301,WA1017,0.899567,EE671,0.985182,MLH01,119.615685,NXP3320,0.011687,0,183
3688500895,10815,280,0,DHT22,53.973419,WA1017,0.70884,EE671,0.967624,MLH01,115.249504,NXP3320,0.041953,0,183
3688500896,10816,280,0,DHT22,43.700512,WA1017,0.699171,EE671,0.983072,MLH01,118.828407,NXP3320,0.010554,0,183
3688500897,10817,280,0,DHT22,48.809025,WA1017,0.882514,EE671,0.993251,MLH01,216.33078,NXP3320,0.041602,0,183
3688500898,10818,280,0,DHT22,44.367085,WA1017,0.715464,EE671,0.983174,MLH01,132.820786,NXP3320,0.042513,0,183
3688500899,10819,280,0,DHT22,46.152176,WA1017,0.900625,EE671,0.973589,MLH01,125.335915,NXP3320,0.008717,0,183
3688500900,10820,280,0,DHT22,57.723713,WA1017,0.910554,EE671,0.967232,MLH01,211.229614,NXP3320,0.009974,0,183
3688500901,10821,280,0,DHT22,45.246552,WA1017,0.902436,EE671,0.974396,MLH01,127.934273,NXP3320,0.009901,0,183
3688500902,10822,280,0,DHT22,46.256454,WA1017,0.898602,EE671,0.972917,MLH01,119.949852,NXP3320,0.009031,0,183
3688500903,10823,280,0,DHT22,53.083656,WA1017,0.915031,EE671,0.965209,MLH01,139.866196,NXP3320,0.043206,0,183
3688500904,10824,280,0,DHT22,47.295517,WA1017,0.705458,EE671,0.97131,MLH01,119.434654,NXP3320,0.010008,0,183
3688500905,10825,280,0,DHT22,47.551437,WA1017,0.901784,EE671,0.97655,MLH01,123.098816,NXP3320,0.009076,0,183
3688500906,10826,280,0,DHT22,65.466034,WA1017,0.90309,EE671,0.967885,MLH01,120.541992,NXP3320,0.038127,0,183
3688500907,10827,280,0,DHT22,44.835068,WA1017,0.905479,EE671,0.956371,MLH01,120.507843,NXP3320,0.040542,0,183
3688500908,10828,280,0,DHT22,44.480434,WA1017,0.918328,EE671,0.96931,MLH01,127.156914,NXP3320,0.035037,0,183
3688500909,10829,280,0,DHT22,46.278126,WA1017,0.894483,EE671,0.987263,MLH01,127.643333,NXP3320,0.031372,0,183
3688500910,10830,280,0,DHT22,69.815315,WA1017,0.905807,EE671,0.994493,MLH01,124.508148,NXP3320,0.044046,0,183
3688500911,10831,280,0,DHT22,43.762104,WA1017,0.887074,EE671,0.990841,MLH01,121.729263,NXP3320,0.009657,0,183
3688500912,10832,280,0,DHT22,46.242901,WA1017,0.885242,EE671,0.97473,MLH01,140.239929,NXP3320,0.009145,0,183
3688500913,10833,280,0,DHT22,47.087959,WA1017,0.898807,EE671,0.981781,MLH01,120.187973,NXP3320,0.011137,0,183
3688500914,10834,280,0,DHT22,66.223442,WA1017,0.90864,EE671,0.968447,MLH01,215.164108,NXP3320,0.010014,0,183
3688500915,10835,280,0,DHT22,75.888626,WA1017,0.894924,EE671,0.9713,MLH01,207.638611,NXP3320,0.009153,0,183
3688500916,10836,280,0,DHT22,44.378479,WA1017,0.902274,EE671,0.996801,MLH01,120.349144,NXP3320,0.029879,0,183
3688500917,10837,280,0,DHT22,44.357456,WA1017,0.825813,EE671,0.964466,MLH01,111.3181,NXP3320,0.010112,0,183
3688500918,10838,280,0,DHT22,45.112503,WA1017,0.894753,EE671,0.996336,MLH01,128.324493,NXP3320,0.009405,0,183
3688500919,10839,280,0,DHT22,79.286133,WA1017,0.920256,EE671,0.995767,MLH01,211.778961,NXP3320,0.010908,0,183
3688500920,10840,280,0,DHT22,44.076546,WA1017,0.751398,EE671,0.972334,MLH01,115.415947,NXP3320,0.039602,0,183
3688500921,10841,280,0,DHT22,44.929264,WA1017,0.926957,EE671,1.002329,MLH01,201.397614,NXP3320,0.041106,0,183
3688500922,10842,280,0,DHT22,45.894329,WA1017,0.715423,EE671,0.980629,MLH01,176.835983,NXP3320,0.009656,0,183
3688500923,10843,280,0,DHT22,43.71627,WA1017,0.883733,EE671,0.958249,MLH01,217.863312,NXP3320,0.043257,0,183
3688500924,10844,280,0,DHT22,45.823723,WA1017,0.896717,EE671,0.950156,MLH01,126.438004,NXP3320,0.030964,0,183
3688500925,10845,280,0,DHT22,43.795856,WA1017,0.92105,EE671,0.97858,MLH01,119.085739,NXP3320,0.009723,0,183
3688500926,10846,280,0,DHT22,45.275986,WA1017,0.894004,EE671,0.984424,MLH01,124.931526,NXP3320,0.009464,0,183
3688500927,10847,280,0,DHT22,45.522884,WA1017,0.698148,EE671,0.981074,MLH01,122.588989,NXP3320,0.047183,0,183
3688500928,10848,280,0,DHT22,74.486191,WA1017,0.903796,EE671,0.973294,MLH01,122.072395,NXP3320,0.038643,0,183
3688500929,10849,280,0,DHT22,56.31189,WA1017,0.89665,EE671,0.976868,MLH01,217.778961,NXP3320,0.010385,0,183
3688500930,10850,280,0,DHT22,72.490059,WA1017,0.6872,EE671,0.983143,MLH01,121.738899,NXP3320,0.01059,0,183
3688500931,10851,280,0,DHT22,68.677773,WA1017,0.713975,EE671,0.960962,MLH01,186.405304,NXP3320,0.00932,0,183
3688500932,10852,280,0,DHT22,46.801514,WA1017,0.8917,EE671,0.986108,MLH01,119.501495,NXP3320,0.010978,0,183
3688500933,10853,280,0,DHT22,44.799419,WA1017,0.920195,EE671,0.965266,MLH01,115.214012,NXP3320,0.009308,0,183
3688500934,10854,280,0,DHT22,44.374016,WA1017,0.909979,EE671,0.989153,MLH01,128.895676,NXP3320,0.009871,0,183
3688500935,10855,280,0,DHT22,70.537636,WA1017,0.889743,EE671,0.983413,MLH01,119.830711,NXP3320,0.010967,0,183
3688500936,10856,280,0,DHT22,46.788048,WA1017,0.909109,EE671,0.982187,MLH01,119.970726,NXP3320,0.009217,0,183
3688500937,10857,280,0,DHT22,43.42123,WA1017,0.893808,EE671,0.965985,MLH01,217.140671,NXP3320,0.031326,0,183
3688500938,10858,280,0,DHT22,46.472618,WA1017,0.881704,EE671,0.966001,MLH01,115.729218,NXP3320,0.009775,0,183
3688500939,10859,280,0,DHT22,44.874733,WA1017,0.896547,EE671,0.989133,MLH01,117.538849,NXP3320,0.009325,0,183
3688500940,10860,280,0,DHT22,43.972496,WA1017,0.712306,EE671,0.983962,MLH01,109.400642,NXP3320,0.035872,0,183
3688500941,10861,280,0,DHT22,45.934914,WA1017,0.883147,EE671,0.97364,MLH01,119.023315,NXP3320,0.030742,0,183
3688500942,10862,280,0,DHT22,43.266644,WA1017,0.695989,EE671,0.98965,MLH01,160.711533,NXP3320,0.031234,0,183
3688500943,10863,280,0,DHT22,45.6992,WA1017,0.914867,EE671,0.990219,MLH01,210.918228,NXP3320,0.037498,0,183
3688500944,10864,280,0,DHT22,45.321976,WA1017,0.725812,EE671,0.970814,MLH01,114.070732,NXP3320,0.032406,0,183
3688500945,10865,280,0,DHT22,45.033527,WA1017,0.909128,EE671,0.978797,MLH01,133.559341,NXP3320,0.009685,0,183
3688500946,10866,280,0,DHT22,45.189049,WA1017,0.714134,EE671,0.993931,MLH01,205.382584,NXP3320,0.030395,0,183
3688500947,10867,280,0,DHT22,65.476212,WA1017,0.893813,EE671,0.979262,MLH01,127.385193,NXP3320,0.043234,0,183
3688500948,10868,280,0,DHT22,68.37851,WA1017,0.899814,EE671,0.965183,MLH01,220.95752,NXP3320,0.035452,0,183
3688500949,10869,280,0,DHT22,45.047165,WA1017,0.71488,EE671,0.976036,MLH01,126.006142,NXP3320,0.035141,0,183
3688500950,10870,280,0,DHT22,71.118439,WA1017,0.890812,EE671,0.979046,MLH01,209.710342,NXP3320,0.00784,0,183
3688500951,10871,280,0,DHT22,75.62394,WA1017,0.907219,EE671,0.970842,MLH01,210.744812,NXP3320,0.010706,0,183
3688500952,10872,280,0,DHT22,45.639771,WA1017,0.914973,EE671,0.990662,MLH01,116.424789,NXP3320,0.010898,0,183
3688500953,10873,280,0,DHT22,45.036045,WA1017,0.882414,EE671,0.984244,MLH01,122.63562,NXP3320,0.032531,0,183
3688500954,10874,280,0,DHT22,45.544758,WA1017,0.904259,EE671,0.982711,MLH01,212.631317,NXP3320,0.010217,0,183
3688500955,10875,280,0,DHT22,44.451477,WA1017,0.70374,EE671,0.979818,MLH01,117.910728,NXP3320,0.043603,0,183
3688500956,10876,280,0,DHT22,74.305138,WA1017,0.908177,EE671,0.990891,MLH01,192.741699,NXP3320,0.011486,0,183
3688500957,10877,280,0,DHT22,45.202709,WA1017,0.880423,EE671,0.962498,MLH01,125.423332,NXP3320,0.037953,0,183
3688500958,10878,280,0,DHT22,68.563118,WA1017,0.912508,EE671,0.988687,MLH01,123.071983,NXP3320,0.034755,0,183
3688500959,10879,280,0,DHT22,69.948822,WA1017,0.908655,EE671,0.987942,MLH01,212.786423,NXP3320,0.032859,0,183
3688500960,10880,280,0,DHT22,45.591286,WA1017,0.893401,EE671,0.98827,MLH01,120.516823,NXP3320,0.043681,0,183
3688500961,10881,280,0,DHT22,75.989159,WA1017,0.899649,EE671,0.997533,MLH01,215.863861,NXP3320,0.041581,0,183
3688500962,10882,280,0,DHT22,68.979561,WA1017,0.894086,EE671,0.974975,MLH01,208.079468,NXP3320,0.010636,0,183
3688500963,10883,280,0,DHT22,47.108616,WA1017,0.691929,EE671,0.992625,MLH01,214.683456,NXP3320,0.0105,0,183
3688500964,10884,280,0,DHT22,45.54726,WA1017,0.899229,EE671,0.996384,MLH01,127.157402,NXP3320,0.009492,0,183
3688500965,10885,280,0,DHT22,44.002674,WA1017,0.723188,EE671,0.963601,MLH01,141.68454,NXP3320,0.011613,0,183
3688500966,10886,280,0,DHT22,44.970318,WA1017,0.913111,EE671,0.987192,MLH01,120.782883,NXP3320,0.011699,0,183
3688500967,10887,280,0,DHT22,56.785904,WA1017,0.896596,EE671,0.979417,MLH01,215.540817,NXP3320,0.04267,0,183
3688500968,10888,280,0,DHT22,44.669773,WA1017,0.906871,EE671,0.977141,MLH01,139.4021,NXP3320,0.009391,0,183
3688500969,10889,280,0,DHT22,44.269825,WA1017,0.898202,EE671,0.972189,MLH01,123.005928,NXP3320,0.009753,0,183
3688500970,10890,280,0,DHT22,45.180061,WA1017,0.697334,EE671,0.972682,MLH01,153.544266,NXP3320,0.0088,0,183
3688500971,10891,280,0,DHT22,45.900394,WA1017,0.768238,EE671,0.967192,MLH01,123.450066,NXP3320,0.009422,0,183
3688500972,10892,280,0,DHT22,47.714268,WA1017,0.901438,EE671,0.991597,MLH01,121.05603,NXP3320,0.009777,0,183
3688500973,10893,280,0,DHT22,69.848824,WA1017,0.72493,EE671,0.987802,MLH01,119.79406,NXP3320,0.010033,0,183
3688500974,10894,280,0,DHT22,51.425591,WA1017,0.703931,EE671,0.977417,MLH01,219.157181,NXP3320,0.008883,0,183
3688500975,10895,280,0,DHT22,44.203049,WA1017,0.917005,EE671,0.979322,MLH01,114.705414,NXP3320,0.032,0,183
3688500976,10896,280,0,DHT22,45.666283,WA1017,0.71429,EE671,0.988218,MLH01,122.071609,NXP3320,0.034751,0,183
3688500977,10897,280,0,DHT22,44.90501,WA1017,0.888467,EE671,0.956775,MLH01,121.137703,NXP3320,0.03051,0,183
3688500978,10898,280,0,DHT22,61.85334,WA1017,0.917647,EE671,0.986109,MLH01,118.662689,NXP3320,0.010529,0,183
3688500979,10899,280,0,DHT22,43.788074,WA1017,0.90929,EE671,0.971547,MLH01,120.785927,NXP3320,0.035101,0,183
3688500980,10900,280,0,DHT22,42.94474,WA1017,0.816896,EE671,0.996256,MLH01,126.922516,NXP3320,0.009776,0,183
3688500981,10901,280,0,DHT22,77.710342,WA1017,0.902205,EE671,0.9753,MLH01,119.777023,NXP3320,0.041398,0,183
3688500982,10902,280,0,DHT22,43.787323,WA1017,0.908559,EE671,0.962672,MLH01,116.777626,NXP3320,0.008332,0,183
3688500983,10903,280,0,DHT22,45.416084,WA1017,0.885109,EE671,0.972503,MLH01,125.06263,NXP3320,0.010361,0,183
3688500984,10904,280,0,DHT22,55.66711,WA1017,0.906485,EE671,0.98778,MLH01,120.676643,NXP3320,0.009944,0,183
3688500985,10905,280,0,DHT22,52.688232,WA1017,0.719185,EE671,0.977003,MLH01,216.466415,NXP3320,0.034452,0,183
3688500986,10906,280,0,DHT22,45.962311,WA1017,0.920266,EE671,0.993012,MLH01,125.661797,NXP3320,0.009913,0,183
3688500987,10907,280,0,DHT22,48.71352,WA1017,0.710077,EE671,0.967065,MLH01,131.268585,NXP3320,0.009007,0,183
3688500988,10908,280,0,DHT22,64.322121,WA1017,0.695833,EE671,0.958224,MLH01,124.037308,NXP3320,0.010157,0,183
3688500989,10909,280,0,DHT22,44.149734,WA1017,0.709528,EE671,0.97764,MLH01,198.024429,NXP3320,0.034227,0,183
3688500990,10910,280,0,DHT22,51.717323,WA1017,0.721002,EE671,0.973812,MLH01,197.9879,NXP3320,0.008853,0,183
3688500991,10911,280,0,DHT22,45.135063,WA1017,0.900514,EE671,0.968225,MLH01,122.836273,NXP3320,0.010463,0,183
3688500992,10912,280,0,DHT22,76.132584,WA1017,0.861819,EE671,0.979577,MLH01,166.587555,NXP3320,0.009065,0,183
3688500993,10913,280,0,DHT22,44.431389,WA1017,0.908157,EE671,0.97549,MLH01,125.85537,NXP3320,0.03285,0,183
3688500994,10914,280,0,DHT22,44.269688,WA1017,0.896812,EE671,0.9616,MLH01,128.710907,NXP3320,0.011333,0,183
3688500995,10915,280,0,DHT22,68.148193,WA1017,0.902225,EE671,0.992071,MLH01,125.941605,NXP3320,0.033403,0,183
3688500996,10916,280,0,DHT22,55.143978,WA1017,0.895614,EE671,0.983557,MLH01,120.598473,NXP3320,0.038778,0,183
3688500997,10917,280,0,DHT22,46.308437,WA1017,0.721765,EE671,0.974343,MLH01,125.555168,NXP3320,0.009226,0,183
3688500998,10918,280,0,DHT22,44.587982,WA1017,0.912272,EE671,0.976652,MLH01,126.071312,NXP3320,0.011185,0,183
3688500999,10919,280,0,DHT22,43.346344,WA1017,0.848528,EE671,0.988319,MLH01,184.03064,NXP3320,0.010914,0,183
3688501000,10920,280,0,DHT22,75.841553,WA1017,0.906237,EE671,0.991286,MLH01,214.308868,NXP3320,0.010621,0,183
